W;B;E;S;RE_OA_a;RE_OA_b;Bewerkingstype;Count
1;0;0;A;0.003;2.27;0;500
1;0;0;B;0.002;2.5;0;704
1;0;0;C;0.003;2.26;0;1552
1;0;0;D;0.004;2.09;0;6544
1;0;0;E;0.003;2.23;0;1458
1;0;0;F;0.003;2.03;0;5754
1;0;0;G;0.004;1.88;0;10934
1;0;1;A;0.006;1.55;3;0
1;0;1;B;0.006;1.55;3;0
1;0;1;C;0.006;1.55;3;0
1;0;1;D;0.006;1.55;0;112
1;0;1;E;0.005;1.58;1;0
1;0;1;F;0.005;1.62;0;129
1;0;1;G;0.004;1.74;0;540
1;0;2;A;0.003;2.27;5;0
1;0;2;B;0.002;2.5;5;0
1;0;2;C;0.003;2.26;5;0
1;0;2;D;0.004;2.09;5;0
1;0;2;E;0.003;2.23;5;0
1;0;2;F;0.003;2.03;5;0
1;0;2;G;0.004;1.88;5;0
1;1;0;A;0.005;2.26;0;246
1;1;0;B;0.003;2.3;0;354
1;1;0;C;0.003;2.33;0;994
1;1;0;D;0.003;2.25;0;3822
1;1;0;E;0.003;2.3;0;1002
1;1;0;F;0.003;2.14;0;4266
1;1;0;G;0.005;1.9;0;6806
1;1;1;A;0.007;1.48;3;0
1;1;1;B;0.007;1.48;3;0
1;1;1;C;0.007;1.48;3;0
1;1;1;D;0.007;1.48;0;56
1;1;1;E;0.005;1.73;1;0
1;1;1;F;0.003;1.98;0;78
1;1;1;G;0.006;1.48;0;277
1;1;2;A;0.005;2.26;5;0
1;1;2;B;0.003;2.3;5;0
1;1;2;C;0.003;2.33;5;0
1;1;2;D;0.003;2.25;5;0
1;1;2;E;0.003;2.3;5;0
1;1;2;F;0.003;2.14;5;0
1;1;2;G;0.005;1.9;5;0
1;2;0;A;0.002;2.55;0;387
1;2;0;B;0.002;2.52;0;584
1;2;0;C;0.003;2.22;0;4383
1;2;0;D;0.003;2.21;0;2947
1;2;0;E;0.004;2.04;0;6170
1;2;0;F;0.005;1.83;0;7969
1;2;0;G;0.005;1.88;0;2717
1;2;1;A;0.003;1.97;3;0
1;2;1;B;0.003;1.97;3;0
1;2;1;C;0.003;1.97;0;69
1;2;1;D;0.006;1.37;0;60
1;2;1;E;0.003;2.21;0;120
1;2;1;F;0.007;1.49;0;316
1;2;1;G;0.005;1.69;0;150
1;2;2;A;0.001;1.87;3;0
1;2;2;B;0.001;1.87;3;0
1;2;2;C;0.001;1.87;0;51
1;2;2;D;0.006;1.08;0;78
1;2;2;E;0.004;1.5;0;53
1;2;2;F;0.01;0.86;0;71
1;2;2;G;0.01;0.86;2;0
1;3;0;A;0;2.83;0;283
1;3;0;B;0.002;2.24;0;1720
1;3;0;C;0.003;2.06;0;6984
1;3;0;D;0.004;1.88;0;9122
1;3;0;E;0.003;1.96;0;3030
1;3;0;F;0.004;2.01;0;2023
1;3;0;G;0.006;1.66;0;446
1;3;1;A;0.005;2.02;3;0
1;3;1;B;0.005;2.02;3;0
1;3;1;C;0.005;2.02;0;82
1;3;1;D;0.005;1.75;0;230
1;3;1;E;0.005;1.67;0;79
1;3;1;F;0.002;2.36;0;104
1;3;1;G;0.002;2.36;2;0
1;3;2;A;0;2.83;5;0
1;3;2;B;0.002;2.24;5;0
1;3;2;C;0.003;2.06;5;0
1;3;2;D;0.004;1.88;5;0
1;3;2;E;0.003;1.96;5;0
1;3;2;F;0.004;2.01;5;0
1;3;2;G;0.006;1.66;5;0
1;4;0;A;0.002;2.13;0;844
1;4;0;B;0.002;2.19;0;9413
1;4;0;C;0.003;2.11;0;21443
1;4;0;D;0.003;2.23;0;3298
1;4;0;E;0.003;2.03;0;553
1;4;0;F;0.003;2.32;0;235
1;4;0;G;0.003;2.22;0;146
1;4;1;A;0.004;1.88;3;0
1;4;1;B;0.004;1.88;0;141
1;4;1;C;0.003;2.04;0;441
1;4;1;D;0.008;1.14;0;88
1;4;1;E;0.008;1.14;2;0
1;4;1;F;0.008;1.14;2;0
1;4;1;G;0.008;1.14;2;0
1;4;2;A;0.002;2.13;5;0
1;4;2;B;0.002;2.19;5;0
1;4;2;C;0.003;2.11;5;0
1;4;2;D;0.003;2.23;5;0
1;4;2;E;0.003;2.03;5;0
1;4;2;F;0.003;2.32;5;0
1;4;2;G;0.003;2.22;5;0
1;5;0;A;0.003;2.16;0;3856
1;5;0;B;0.003;2.19;0;7298
1;5;0;C;0.005;1.93;0;1273
1;5;0;D;0.005;1.93;2;0
1;5;0;E;0.005;1.93;2;0
1;5;0;F;0.005;1.93;2;0
1;5;0;G;0.005;1.93;2;0
1;5;1;A;0.006;1.47;3;0
1;5;1;B;0.006;1.47;0;109
1;5;1;C;0.006;1.47;2;0
1;5;1;D;0.006;1.47;2;0
1;5;1;E;0.006;1.47;2;0
1;5;1;F;0.006;1.47;2;0
1;5;1;G;0.006;1.47;2;0
1;5;2;A;0.003;2.16;5;0
1;5;2;B;0.003;2.19;5;0
1;5;2;C;0.005;1.93;5;0
1;5;2;D;0.005;1.93;5;0
1;5;2;E;0.005;1.93;5;0
1;5;2;F;0.005;1.93;5;0
1;5;2;G;0.005;1.93;5;0
1;6;0;A;0.003;2.24;0;2558
1;6;0;B;0.003;2.21;0;8325
1;6;0;C;0.004;2.11;0;1076
1;6;0;D;0.004;2.11;2;0
1;6;0;E;0.004;2.11;2;0
1;6;0;F;0.004;2.11;2;0
1;6;0;G;0.004;2.11;2;0
1;6;1;A;0.001;2.76;3;0
1;6;1;B;0.001;2.76;0;110
1;6;1;C;0.001;2.76;2;0
1;6;1;D;0.001;2.76;2;0
1;6;1;E;0.001;2.76;2;0
1;6;1;F;0.001;2.76;2;0
1;6;1;G;0.001;2.76;2;0
1;6;2;A;0.003;2.24;5;0
1;6;2;B;0.003;2.21;5;0
1;6;2;C;0.004;2.11;5;0
1;6;2;D;0.004;2.11;5;0
1;6;2;E;0.004;2.11;5;0
1;6;2;F;0.004;2.11;5;0
1;6;2;G;0.004;2.11;5;0
1;7;0;A;0.002;2.53;0;7844
1;7;0;B;0.003;2.29;0;5309
1;7;0;C;0.001;2.58;0;52
1;7;0;D;0.001;2.58;2;0
1;7;0;E;0.001;2.58;2;0
1;7;0;F;0.001;2.58;2;0
1;7;0;G;0.001;2.58;2;0
1;7;1;A;0.003;2.25;0;124
1;7;1;B;0.006;1.62;0;152
1;7;1;C;0.006;1.62;2;0
1;7;1;D;0.006;1.62;2;0
1;7;1;E;0.006;1.62;2;0
1;7;1;F;0.006;1.62;2;0
1;7;1;G;0.006;1.62;2;0
1;7;2;A;0.002;2.53;5;0
1;7;2;B;0.003;2.29;5;0
1;7;2;C;0.001;2.58;5;0
1;7;2;D;0.001;2.58;5;0
1;7;2;E;0.001;2.58;5;0
1;7;2;F;0.001;2.58;5;0
1;7;2;G;0.001;2.58;5;0
1;8;0;A;0.003;2.55;0;7907
1;8;0;B;0.005;2.13;0;51
1;8;0;C;0.005;2.13;2;0
1;8;0;D;0.005;2.13;2;0
1;8;0;E;0.005;2.13;2;0
1;8;0;F;0.005;2.13;2;0
1;8;0;G;0.005;2.13;2;0
1;8;1;A;0.004;2.05;0;213
1;8;1;B;0.004;2.05;2;0
1;8;1;C;0.004;2.05;2;0
1;8;1;D;0.004;2.05;2;0
1;8;1;E;0.004;2.05;2;0
1;8;1;F;0.004;2.05;2;0
1;8;1;G;0.004;2.05;2;0
1;8;2;A;0.003;2.55;5;0
1;8;2;B;0.005;2.13;5;0
1;8;2;C;0.005;2.13;5;0
1;8;2;D;0.005;2.13;5;0
1;8;2;E;0.005;2.13;5;0
1;8;2;F;0.005;2.13;5;0
1;8;2;G;0.005;2.13;5;0
1;9;0;A;0.004;2.35;0;2029
1;9;0;B;0.004;2.35;2;0
1;9;0;C;0.004;2.35;2;0
1;9;0;D;0.004;2.35;2;0
1;9;0;E;0.004;2.35;2;0
1;9;0;F;0.004;2.35;2;0
1;9;0;G;0.004;2.35;2;0
1;9;1;A;0.005;1.85;0;71
1;9;1;B;0.005;1.85;2;0
1;9;1;C;0.005;1.85;2;0
1;9;1;D;0.005;1.85;2;0
1;9;1;E;0.005;1.85;2;0
1;9;1;F;0.005;1.85;2;0
1;9;1;G;0.005;1.85;2;0
1;9;2;A;0.004;2.35;5;0
1;9;2;B;0.004;2.35;5;0
1;9;2;C;0.004;2.35;5;0
1;9;2;D;0.004;2.35;5;0
1;9;2;E;0.004;2.35;5;0
1;9;2;F;0.004;2.35;5;0
1;9;2;G;0.004;2.35;5;0
1;10;0;A;0.005;2.25;0;1660
1;10;0;B;0.005;2.25;2;0
1;10;0;C;0.005;2.25;2;0
1;10;0;D;0.005;2.25;2;0
1;10;0;E;0.005;2.25;2;0
1;10;0;F;0.005;2.25;2;0
1;10;0;G;0.005;2.25;2;0
1;10;1;A;0.007;1.9;0;104
1;10;1;B;0.007;1.9;2;0
1;10;1;C;0.007;1.9;2;0
1;10;1;D;0.007;1.9;2;0
1;10;1;E;0.007;1.9;2;0
1;10;1;F;0.007;1.9;2;0
1;10;1;G;0.007;1.9;2;0
1;10;2;A;0.005;2.25;5;0
1;10;2;B;0.005;2.25;5;0
1;10;2;C;0.005;2.25;5;0
1;10;2;D;0.005;2.25;5;0
1;10;2;E;0.005;2.25;5;0
1;10;2;F;0.005;2.25;5;0
1;10;2;G;0.005;2.25;5;0
2;0;0;A;0.005;1.95;3;0
2;0;0;B;0.005;1.95;3;0
2;0;0;C;0.005;1.95;0;113
2;0;0;D;0.007;1.74;0;186
2;0;0;E;0.004;1.91;0;108
2;0;0;F;0.006;1.97;0;168
2;0;0;G;0.005;1.83;0;246
2;0;1;A;0.005;1.51;3;0
2;0;1;B;0.005;1.51;3;0
2;0;1;C;0.005;1.51;3;0
2;0;1;D;0.005;1.51;3;0
2;0;1;E;0.005;1.51;0;50
2;0;1;F;0.004;1.58;1;0
2;0;1;G;0.004;1.64;0;104
2;0;2;A;0.01;1.06;0;238
2;0;2;B;0.003;1.48;0;225
2;0;2;C;0.005;1.4;0;473
2;0;2;D;0.008;1.18;0;631
2;0;2;E;0.005;1.41;0;535
2;0;2;F;0.007;1.21;0;401
2;0;2;G;0.005;1.28;0;409
2;1;0;A;0.008;1.58;3;0
2;1;0;B;0.008;1.58;3;0
2;1;0;C;0.008;1.58;0;78
2;1;0;D;0.011;1.29;0;115
2;1;0;E;0.008;1.3;0;77
2;1;0;F;0.01;1.31;0;126
2;1;0;G;0.008;1.52;0;176
2;1;1;A;0.009;1.2;3;0
2;1;1;B;0.009;1.2;3;0
2;1;1;C;0.009;1.2;3;0
2;1;1;D;0.009;1.2;3;0
2;1;1;E;0.009;1.2;3;0
2;1;1;F;0.009;1.2;3;0
2;1;1;G;0.009;1.2;0;52
2;1;2;A;0.011;0.75;0;85
2;1;2;B;0.007;1.16;0;74
2;1;2;C;0.015;0.58;0;237
2;1;2;D;0.006;1.41;0;305
2;1;2;E;0;3;0;252
2;1;2;F;0.004;1.4;0;148
2;1;2;G;0.01;0.85;0;167
2;2;0;A;0.005;1.83;3;0
2;2;0;B;0.005;1.83;3;0
2;2;0;C;0.005;1.83;0;169
2;2;0;D;0.006;1.72;0;135
2;2;0;E;0.008;1.55;0;314
2;2;0;F;0.009;1.38;0;152
2;2;0;G;0.009;1.37;0;98
2;2;1;A;0.015;0.37;3;0
2;2;1;B;0.015;0.37;3;0
2;2;1;C;0.015;0.37;3;0
2;2;1;D;0.015;0.37;3;0
2;2;1;E;0.015;0.37;0;127
2;2;1;F;0.006;1.29;0;115
2;2;1;G;0.012;0.59;0;110
2;2;2;A;0.009;1.12;0;1369
2;2;2;B;0.009;1.02;0;1138
2;2;2;C;0.007;1.29;0;3578
2;2;2;D;0.007;1.25;0;3608
2;2;2;E;0.009;1.09;0;3547
2;2;2;F;0.005;1.34;0;1848
2;2;2;G;0.005;1.22;0;1170
2;3;0;A;0.007;1.59;3;0
2;3;0;B;0.007;1.59;3;0
2;3;0;C;0.007;1.59;0;120
2;3;0;D;0.009;1.45;0;229
2;3;0;E;0.011;1.03;0;63
2;3;0;F;0.011;1.03;2;0
2;3;0;G;0.011;1.03;2;0
2;3;1;A;0.015;0.33;3;0
2;3;1;B;0.015;0.33;3;0
2;3;1;C;0.015;0.33;0;53
2;3;1;D;0.016;0.11;0;93
2;3;1;E;0.016;0.11;2;0
2;3;1;F;0.016;0.11;2;0
2;3;1;G;0.016;0.11;2;0
2;3;2;A;0.009;1.01;0;827
2;3;2;B;0.014;0.56;0;789
2;3;2;C;0.015;0.35;0;2196
2;3;2;D;0.014;0.47;0;1458
2;3;2;E;0.007;1.1;0;588
2;3;2;F;0.016;0.16;0;209
2;3;2;G;0;3;0;114
2;4;0;A;0.006;1.69;3;0
2;4;0;B;0.006;1.69;0;70
2;4;0;C;0.008;1.42;0;345
2;4;0;D;0.008;1.42;2;0
2;4;0;E;0.008;1.42;2;0
2;4;0;F;0.008;1.42;2;0
2;4;0;G;0.008;1.42;2;0
2;4;1;A;0.013;0.81;3;0
2;4;1;B;0.013;0.81;0;63
2;4;1;C;0.008;1.15;0;435
2;4;1;D;0.008;1.15;2;0
2;4;1;E;0.008;1.15;2;0
2;4;1;F;0.008;1.15;2;0
2;4;1;G;0.008;1.15;2;0
2;4;2;A;0.006;1.06;0;175
2;4;2;B;0.012;0.65;0;1388
2;4;2;C;0.011;0.64;0;3394
2;4;2;D;0.009;0.81;0;304
2;4;2;E;0.009;0.66;0;69
2;4;2;F;0.009;0.66;2;0
2;4;2;G;0.009;0.66;2;0
2;5;0;A;0.01;1.18;3;0
2;5;0;B;0.01;1.18;0;51
2;5;0;C;0.01;1.18;2;0
2;5;0;D;0.01;1.18;2;0
2;5;0;E;0.01;1.18;2;0
2;5;0;F;0.01;1.18;2;0
2;5;0;G;0.01;1.18;2;0
2;5;1;A;0.012;0.75;3;0
2;5;1;B;0.012;0.75;0;98
2;5;1;C;0.012;0.75;2;0
2;5;1;D;0.012;0.75;2;0
2;5;1;E;0.012;0.75;2;0
2;5;1;F;0.012;0.75;2;0
2;5;1;G;0.012;0.75;2;0
2;5;2;A;0.003;1.55;0;120
2;5;2;B;0.01;0.79;0;239
2;5;2;C;0.01;0.79;2;0
2;5;2;D;0.01;0.79;2;0
2;5;2;E;0.01;0.79;2;0
2;5;2;F;0.01;0.79;2;0
2;5;2;G;0.01;0.79;2;0
2;6;0;A;0;3;5;0
2;6;0;B;0.003;1.47;5;0
2;6;0;C;0.003;1.47;5;0
2;6;0;D;0.003;1.47;5;0
2;6;0;E;0.003;1.47;5;0
2;6;0;F;0.003;1.47;5;0
2;6;0;G;0.003;1.47;5;0
2;6;1;A;0.001;2.09;3;0
2;6;1;B;0.001;2.09;0;97
2;6;1;C;0.001;2.09;2;0
2;6;1;D;0.001;2.09;2;0
2;6;1;E;0.001;2.09;2;0
2;6;1;F;0.001;2.09;2;0
2;6;1;G;0.001;2.09;2;0
2;6;2;A;0;3;0;69
2;6;2;B;0.003;1.47;0;97
2;6;2;C;0.003;1.47;2;0
2;6;2;D;0.003;1.47;2;0
2;6;2;E;0.003;1.47;2;0
2;6;2;F;0.003;1.47;2;0
2;6;2;G;0.003;1.47;2;0
2;7;0;A;0.014;0.86;0;61
2;7;0;B;0.014;0.86;2;0
2;7;0;C;0.014;0.86;2;0
2;7;0;D;0.014;0.86;2;0
2;7;0;E;0.014;0.86;2;0
2;7;0;F;0.014;0.86;2;0
2;7;0;G;0.014;0.86;2;0
2;7;1;A;0.014;0.41;0;103
2;7;1;B;0.014;0.41;2;0
2;7;1;C;0.014;0.41;2;0
2;7;1;D;0.014;0.41;2;0
2;7;1;E;0.014;0.41;2;0
2;7;1;F;0.014;0.41;2;0
2;7;1;G;0.014;0.41;2;0
2;7;2;A;0.012;0.42;0;634
2;7;2;B;0.012;0.42;2;0
2;7;2;C;0.012;0.42;2;0
2;7;2;D;0.012;0.42;2;0
2;7;2;E;0.012;0.42;2;0
2;7;2;F;0.012;0.42;2;0
2;7;2;G;0.012;0.42;2;0
2;8;0;A;0.012;0.95;0;85
2;8;0;B;0.012;0.95;2;0
2;8;0;C;0.012;0.95;2;0
2;8;0;D;0.012;0.95;2;0
2;8;0;E;0.012;0.95;2;0
2;8;0;F;0.012;0.95;2;0
2;8;0;G;0.012;0.95;2;0
2;8;1;A;0.016;0.27;0;206
2;8;1;B;0.016;0.27;2;0
2;8;1;C;0.016;0.27;2;0
2;8;1;D;0.016;0.27;2;0
2;8;1;E;0.016;0.27;2;0
2;8;1;F;0.016;0.27;2;0
2;8;1;G;0.016;0.27;2;0
2;8;2;A;0.004;1.54;0;883
2;8;2;B;0.004;1.54;2;0
2;8;2;C;0.004;1.54;2;0
2;8;2;D;0.004;1.54;2;0
2;8;2;E;0.004;1.54;2;0
2;8;2;F;0.004;1.54;2;0
2;8;2;G;0.004;1.54;2;0
2;9;0;A;0.014;1.08;0;90
2;9;0;B;0.014;1.08;2;0
2;9;0;C;0.014;1.08;2;0
2;9;0;D;0.014;1.08;2;0
2;9;0;E;0.014;1.08;2;0
2;9;0;F;0.014;1.08;2;0
2;9;0;G;0.014;1.08;2;0
2;9;1;A;0.014;0.52;0;131
2;9;1;B;0.014;0.52;2;0
2;9;1;C;0.014;0.52;2;0
2;9;1;D;0.014;0.52;2;0
2;9;1;E;0.014;0.52;2;0
2;9;1;F;0.014;0.52;2;0
2;9;1;G;0.014;0.52;2;0
2;9;2;A;0.009;1.17;0;354
2;9;2;B;0.009;1.17;2;0
2;9;2;C;0.009;1.17;2;0
2;9;2;D;0.009;1.17;2;0
2;9;2;E;0.009;1.17;2;0
2;9;2;F;0.009;1.17;2;0
2;9;2;G;0.009;1.17;2;0
2;10;0;A;0.014;1.06;0;1221
2;10;0;B;0.014;1.06;2;0
2;10;0;C;0.014;1.06;2;0
2;10;0;D;0.014;1.06;2;0
2;10;0;E;0.014;1.06;2;0
2;10;0;F;0.014;1.06;2;0
2;10;0;G;0.014;1.06;2;0
2;10;1;A;0.019;0.12;0;113
2;10;1;B;0.019;0.12;2;0
2;10;1;C;0.019;0.12;2;0
2;10;1;D;0.019;0.12;2;0
2;10;1;E;0.019;0.12;2;0
2;10;1;F;0.019;0.12;2;0
2;10;1;G;0.019;0.12;2;0
2;10;2;A;0.016;0.5;0;147
2;10;2;B;0.016;0.5;2;0
2;10;2;C;0.016;0.5;2;0
2;10;2;D;0.016;0.5;2;0
2;10;2;E;0.016;0.5;2;0
2;10;2;F;0.016;0.5;2;0
2;10;2;G;0.016;0.5;2;0
3;0;0;A;0.009;1.43;3;0
3;0;0;B;0.009;1.43;3;0
3;0;0;C;0.009;1.43;0;101
3;0;0;D;0.008;1.5;0;176
3;0;0;E;0.007;1.52;0;114
3;0;0;F;0.009;1.22;0;147
3;0;0;G;0.008;1.4;0;240
3;0;1;A;0.017;0.16;3;0
3;0;1;B;0.017;0.16;3;0
3;0;1;C;0.017;0.16;3;0
3;0;1;D;0.017;0.16;0;58
3;0;1;E;0.002;1.9;0;66
3;0;1;F;0.009;1.14;0;63
3;0;1;G;0.013;0.63;0;149
3;0;2;A;0.012;0.96;0;797
3;0;2;B;0.007;1.28;0;644
3;0;2;C;0.006;1.36;0;958
3;0;2;D;0.005;1.45;0;1553
3;0;2;E;0.006;1.29;0;991
3;0;2;F;0.011;0.89;0;893
3;0;2;G;0.007;1.18;0;888
3;1;0;A;0.012;1.18;3;0
3;1;0;B;0.012;1.18;3;0
3;1;0;C;0.012;1.18;0;55
3;1;0;D;0.009;1.68;0;103
3;1;0;E;0.009;1.35;0;66
3;1;0;F;0.008;1.74;0;101
3;1;0;G;0.009;1.72;0;133
3;1;1;A;0.006;1.41;3;0
3;1;1;B;0.006;1.41;3;0
3;1;1;C;0.006;1.41;3;0
3;1;1;D;0.006;1.41;3;0
3;1;1;E;0.006;1.41;3;0
3;1;1;F;0.006;1.41;3;0
3;1;1;G;0.006;1.41;0;76
3;1;2;A;0.01;0.94;0;258
3;1;2;B;0.007;1.47;0;198
3;1;2;C;0.006;1.35;0;596
3;1;2;D;0.008;1.29;0;881
3;1;2;E;0.005;1.45;0;528
3;1;2;F;0.01;1.1;0;317
3;1;2;G;0.006;1.17;0;320
3;2;0;A;0.007;1.59;3;0
3;2;0;B;0.007;1.59;3;0
3;2;0;C;0.007;1.59;0;233
3;2;0;D;0.002;2.34;0;223
3;2;0;E;0.008;1.73;0;335
3;2;0;F;0.004;2.04;0;161
3;2;0;G;0.009;1.31;0;133
3;2;1;A;0.021;0.06;3;0
3;2;1;B;0.021;0.06;3;0
3;2;1;C;0.021;0.06;0;112
3;2;1;D;0.021;0.13;0;136
3;2;1;E;0.011;0.96;0;162
3;2;1;F;0.005;1.36;0;139
3;2;1;G;0.007;1.08;0;118
3;2;2;A;0.009;1.34;0;3736
3;2;2;B;0.007;1.48;0;2835
3;2;2;C;0.009;1.26;0;9086
3;2;2;D;0.009;1.27;0;7694
3;2;2;E;0.009;1.25;0;5832
3;2;2;F;0.008;1.35;0;2885
3;2;2;G;0.005;1.46;0;1560
3;3;0;A;0.002;2.32;3;0
3;3;0;B;0.002;2.32;0;69
3;3;0;C;0.013;1.13;0;430
3;3;0;D;0.01;1.55;0;443
3;3;0;E;0.009;1.52;0;156
3;3;0;F;0.009;1.52;2;0
3;3;0;G;0.009;1.52;2;0
3;3;1;A;0.021;-0.44;0;114
3;3;1;B;0.004;1.69;0;133
3;3;1;C;0.008;1.27;0;1232
3;3;1;D;0.007;1.29;0;651
3;3;1;E;0.01;0.82;0;349
3;3;1;F;0.011;0.61;0;72
3;3;1;G;0.011;0.61;2;0
3;3;2;A;0.015;0.62;0;4723
3;3;2;B;0.014;0.73;0;4186
3;3;2;C;0.014;0.63;0;15208
3;3;2;D;0.014;0.71;0;7941
3;3;2;E;0.014;0.64;0;3130
3;3;2;F;0.018;0.22;0;931
3;3;2;G;0.01;0.94;0;301
3;4;0;A;0.006;1.63;3;0
3;4;0;B;0.006;1.63;0;159
3;4;0;C;0.009;1.49;0;805
3;4;0;D;0.013;1.21;0;181
3;4;0;E;0.013;1.21;2;0
3;4;0;F;0.013;1.21;2;0
3;4;0;G;0.013;1.21;2;0
3;4;1;A;0.008;1.64;0;78
3;4;1;B;0.011;0.98;0;695
3;4;1;C;0.008;1.25;0;4070
3;4;1;D;0.007;1.28;0;617
3;4;1;E;0.01;0.8;0;97
3;4;1;F;0.01;0.8;2;0
3;4;1;G;0.01;0.8;2;0
3;4;2;A;0.014;0.54;0;1524
3;4;2;B;0.016;0.38;0;9111
3;4;2;C;0.016;0.38;0;24878
3;4;2;D;0.015;0.48;0;3753
3;4;2;E;0.014;0.48;0;378
3;4;2;F;0.014;0.48;2;0
3;4;2;G;0.014;0.48;2;0
3;5;0;A;0.008;1.62;3;0
3;5;0;B;0.008;1.62;0;71
3;5;0;C;0.008;1.62;2;0
3;5;0;D;0.008;1.62;2;0
3;5;0;E;0.008;1.62;2;0
3;5;0;F;0.008;1.62;2;0
3;5;0;G;0.008;1.62;2;0
3;5;1;A;0.009;1.17;3;0
3;5;1;B;0.009;1.17;0;340
3;5;1;C;0.01;0.63;0;65
3;5;1;D;0.01;0.63;2;0
3;5;1;E;0.01;0.63;2;0
3;5;1;F;0.01;0.63;2;0
3;5;1;G;0.01;0.63;2;0
3;5;2;A;0.008;1.1;0;719
3;5;2;B;0.017;0.32;0;2229
3;5;2;C;0.011;0.79;0;232
3;5;2;D;0.011;0.79;2;0
3;5;2;E;0.011;0.79;2;0
3;5;2;F;0.011;0.79;2;0
3;5;2;G;0.011;0.79;2;0
3;6;0;A;0.011;1.35;3;0
3;6;0;B;0.011;1.35;0;60
3;6;0;C;0.011;1.35;2;0
3;6;0;D;0.011;1.35;2;0
3;6;0;E;0.011;1.35;2;0
3;6;0;F;0.011;1.35;2;0
3;6;0;G;0.011;1.35;2;0
3;6;1;A;0.019;0.18;0;70
3;6;1;B;0.016;0.41;0;152
3;6;1;C;0.016;0.41;2;0
3;6;1;D;0.016;0.41;2;0
3;6;1;E;0.016;0.41;2;0
3;6;1;F;0.016;0.41;2;0
3;6;1;G;0.016;0.41;2;0
3;6;2;A;0.012;0.71;0;707
3;6;2;B;0.016;0.35;0;843
3;6;2;C;0.014;0.59;0;85
3;6;2;D;0.014;0.59;2;0
3;6;2;E;0.014;0.59;2;0
3;6;2;F;0.014;0.59;2;0
3;6;2;G;0.014;0.59;2;0
3;7;0;A;0.003;2.45;0;86
3;7;0;B;0.003;2.45;2;0
3;7;0;C;0.003;2.45;2;0
3;7;0;D;0.003;2.45;2;0
3;7;0;E;0.003;2.45;2;0
3;7;0;F;0.003;2.45;2;0
3;7;0;G;0.003;2.45;2;0
3;7;1;A;0.003;2.31;0;153
3;7;1;B;0.003;2.31;2;0
3;7;1;C;0.003;2.31;2;0
3;7;1;D;0.003;2.31;2;0
3;7;1;E;0.003;2.31;2;0
3;7;1;F;0.003;2.31;2;0
3;7;1;G;0.003;2.31;2;0
3;7;2;A;0.009;1.2;0;1712
3;7;2;B;0.011;0.93;0;182
3;7;2;C;0.011;0.93;2;0
3;7;2;D;0.011;0.93;2;0
3;7;2;E;0.011;0.93;2;0
3;7;2;F;0.011;0.93;2;0
3;7;2;G;0.011;0.93;2;0
3;8;0;A;0.01;1.22;0;149
3;8;0;B;0.01;1.22;2;0
3;8;0;C;0.01;1.22;2;0
3;8;0;D;0.01;1.22;2;0
3;8;0;E;0.01;1.22;2;0
3;8;0;F;0.01;1.22;2;0
3;8;0;G;0.01;1.22;2;0
3;8;1;A;0.008;1.27;0;217
3;8;1;B;0.008;1.27;2;0
3;8;1;C;0.008;1.27;2;0
3;8;1;D;0.008;1.27;2;0
3;8;1;E;0.008;1.27;2;0
3;8;1;F;0.008;1.27;2;0
3;8;1;G;0.008;1.27;2;0
3;8;2;A;0.01;1.18;0;2371
3;8;2;B;0.01;1.18;2;0
3;8;2;C;0.01;1.18;2;0
3;8;2;D;0.01;1.18;2;0
3;8;2;E;0.01;1.18;2;0
3;8;2;F;0.01;1.18;2;0
3;8;2;G;0.01;1.18;2;0
3;9;0;A;0.013;1.26;0;152
3;9;0;B;0.013;1.26;2;0
3;9;0;C;0.013;1.26;2;0
3;9;0;D;0.013;1.26;2;0
3;9;0;E;0.013;1.26;2;0
3;9;0;F;0.013;1.26;2;0
3;9;0;G;0.013;1.26;2;0
3;9;1;A;0.012;1.26;0;411
3;9;1;B;0.012;1.26;2;0
3;9;1;C;0.012;1.26;2;0
3;9;1;D;0.012;1.26;2;0
3;9;1;E;0.012;1.26;2;0
3;9;1;F;0.012;1.26;2;0
3;9;1;G;0.012;1.26;2;0
3;9;2;A;0.01;1.3;0;1248
3;9;2;B;0.01;1.3;2;0
3;9;2;C;0.01;1.3;2;0
3;9;2;D;0.01;1.3;2;0
3;9;2;E;0.01;1.3;2;0
3;9;2;F;0.01;1.3;2;0
3;9;2;G;0.01;1.3;2;0
3;10;0;A;0.015;0.92;0;2336
3;10;0;B;0.015;0.92;2;0
3;10;0;C;0.015;0.92;2;0
3;10;0;D;0.015;0.92;2;0
3;10;0;E;0.015;0.92;2;0
3;10;0;F;0.015;0.92;2;0
3;10;0;G;0.015;0.92;2;0
3;10;1;A;0.014;0.91;0;572
3;10;1;B;0.014;0.91;2;0
3;10;1;C;0.014;0.91;2;0
3;10;1;D;0.014;0.91;2;0
3;10;1;E;0.014;0.91;2;0
3;10;1;F;0.014;0.91;2;0
3;10;1;G;0.014;0.91;2;0
3;10;2;A;0.021;0.24;0;743
3;10;2;B;0.021;0.24;2;0
3;10;2;C;0.021;0.24;2;0
3;10;2;D;0.021;0.24;2;0
3;10;2;E;0.021;0.24;2;0
3;10;2;F;0.021;0.24;2;0
3;10;2;G;0.021;0.24;2;0
4;0;0;A;0.009;1.35;0;110
4;0;0;B;0.009;1.48;0;89
4;0;0;C;0.007;1.67;0;501
4;0;0;D;0.008;1.52;0;365
4;0;0;E;0.009;1.39;0;412
4;0;0;F;0.009;1.52;0;497
4;0;0;G;0.007;1.46;0;345
4;0;1;A;0.01;1.14;0;89
4;0;1;B;0.009;1.66;0;105
4;0;1;C;0.01;1.19;0;305
4;0;1;D;0.01;0.88;0;328
4;0;1;E;0.01;1.21;0;297
4;0;1;F;0.011;1.02;0;413
4;0;1;G;0.009;1.07;0;372
4;0;2;A;0.011;1.1;0;2691
4;0;2;B;0.014;0.87;0;1651
4;0;2;C;0.007;1.29;0;4407
4;0;2;D;0.009;1.12;0;3903
4;0;2;E;0.008;1.18;0;3102
4;0;2;F;0.005;1.39;0;1833
4;0;2;G;0.006;1.3;0;973
4;1;0;A;0.01;1.49;3;0
4;1;0;B;0.01;1.49;3;0
4;1;0;C;0.01;1.49;0;241
4;1;0;D;0.007;1.75;0;192
4;1;0;E;0.008;1.67;0;225
4;1;0;F;0.008;1.83;0;248
4;1;0;G;0.009;1.61;0;202
4;1;1;A;0.01;1.39;3;0
4;1;1;B;0.01;1.39;3;0
4;1;1;C;0.01;1.39;0;50
4;1;1;D;0.011;1.32;0;82
4;1;1;E;0.015;0.79;0;144
4;1;1;F;0.011;1.1;0;181
4;1;1;G;0.012;0.91;0;137
4;1;2;A;0.01;1.17;0;1180
4;1;2;B;0.009;1.24;0;454
4;1;2;C;0.01;1.19;0;2444
4;1;2;D;0.008;1.26;0;2571
4;1;2;E;0.009;1.09;0;1457
4;1;2;F;0.011;0.97;0;959
4;1;2;G;0.005;1.18;0;345
4;2;0;A;0.015;0.83;0;96
4;2;0;B;0;2;0;87
4;2;0;C;0.011;1.42;0;515
4;2;0;D;0.005;2.06;0;588
4;2;0;E;0.006;1.92;0;578
4;2;0;F;0.005;1.82;0;188
4;2;0;G;0.014;0.84;0;179
4;2;1;A;0.002;2.12;3;0
4;2;1;B;0.002;2.12;0;128
4;2;1;C;0.009;1.14;0;356
4;2;1;D;0.009;1.27;0;359
4;2;1;E;0.008;1.23;0;504
4;2;1;F;0.008;1.25;0;150
4;2;1;G;0.01;0.77;0;200
4;2;2;A;0.01;1.31;0;10863
4;2;2;B;0.011;1.19;0;7005
4;2;2;C;0.008;1.41;0;21249
4;2;2;D;0.01;1.2;0;17053
4;2;2;E;0.009;1.3;0;9902
4;2;2;F;0.008;1.31;0;3061
4;2;2;G;0.008;1.01;0;1632
4;3;0;A;0.016;0.74;0;94
4;3;0;B;0.014;0.83;0;180
4;3;0;C;0.008;1.66;0;1157
4;3;0;D;0.009;1.63;0;702
4;3;0;E;0.007;1.73;0;148
4;3;0;F;0.007;1.73;2;0
4;3;0;G;0.007;1.73;2;0
4;3;1;A;0.003;1.87;0;380
4;3;1;B;0.004;1.91;0;373
4;3;1;C;0.01;1.06;0;3768
4;3;1;D;0.006;1.27;0;1476
4;3;1;E;0.014;0.32;0;349
4;3;1;F;0.008;1.07;0;73
4;3;1;G;0.008;1.07;2;0
4;3;2;A;0.013;0.93;0;12767
4;3;2;B;0.014;0.71;0;10269
4;3;2;C;0.013;0.84;0;34411
4;3;2;D;0.013;0.84;0;12579
4;3;2;E;0.017;0.43;0;3728
4;3;2;F;0.012;0.64;0;705
4;3;2;G;0.012;0.55;0;275
4;4;0;A;0.02;0.21;0;91
4;4;0;B;0.011;1.32;0;569
4;4;0;C;0.008;1.64;0;1810
4;4;0;D;0.012;1.09;0;297
4;4;0;E;0.012;1.09;2;0
4;4;0;F;0.012;1.09;2;0
4;4;0;G;0.012;1.09;2;0
4;4;1;A;0.005;1.9;0;475
4;4;1;B;0.008;1.34;0;3259
4;4;1;C;0.008;1.27;0;8135
4;4;1;D;0.009;1.03;0;1000
4;4;1;E;0.011;0.54;0;136
4;4;1;F;0.011;0.54;2;0
4;4;1;G;0.011;0.54;2;0
4;4;2;A;0.018;0.32;0;7331
4;4;2;B;0.018;0.29;0;27572
4;4;2;C;0.016;0.52;0;46645
4;4;2;D;0.013;0.81;0;4180
4;4;2;E;0.008;1.02;0;267
4;4;2;F;0.008;1.02;2;0
4;4;2;G;0.008;1.02;2;0
4;5;0;A;0.005;1.86;0;68
4;5;0;B;0.01;1.51;0;218
4;5;0;C;0.01;1.51;2;0
4;5;0;D;0.01;1.51;2;0
4;5;0;E;0.01;1.51;2;0
4;5;0;F;0.01;1.51;2;0
4;5;0;G;0.01;1.51;2;0
4;5;1;A;0;2;0;197
4;5;1;B;0.007;1.42;0;903
4;5;1;C;0.006;1.38;0;117
4;5;1;D;0.006;1.38;2;0
4;5;1;E;0.006;1.38;2;0
4;5;1;F;0.006;1.38;2;0
4;5;1;G;0.006;1.38;2;0
4;5;2;A;0.017;0.44;0;2880
4;5;2;B;0.022;0;0;5004
4;5;2;C;0.013;0.84;0;332
4;5;2;D;0.013;0.84;2;0
4;5;2;E;0.013;0.84;2;0
4;5;2;F;0.013;0.84;2;0
4;5;2;G;0.013;0.84;2;0
4;6;0;A;0.012;0.92;0;85
4;6;0;B;0.017;0.36;0;198
4;6;0;C;0.017;0.36;2;0
4;6;0;D;0.017;0.36;2;0
4;6;0;E;0.017;0.36;2;0
4;6;0;F;0.017;0.36;2;0
4;6;0;G;0.017;0.36;2;0
4;6;1;A;0.005;1.99;0;339
4;6;1;B;0.012;0.92;0;331
4;6;1;C;0.012;0.92;2;0
4;6;1;D;0.012;0.92;2;0
4;6;1;E;0.012;0.92;2;0
4;6;1;F;0.012;0.92;2;0
4;6;1;G;0.012;0.92;2;0
4;6;2;A;0.016;0.55;0;3222
4;6;2;B;0.011;1.11;0;1965
4;6;2;C;0.015;0.71;0;163
4;6;2;D;0.015;0.71;2;0
4;6;2;E;0.015;0.71;2;0
4;6;2;F;0.015;0.71;2;0
4;6;2;G;0.015;0.71;2;0
4;7;0;A;0.008;1.69;0;338
4;7;0;B;0.008;1.69;2;0
4;7;0;C;0.008;1.69;2;0
4;7;0;D;0.008;1.69;2;0
4;7;0;E;0.008;1.69;2;0
4;7;0;F;0.008;1.69;2;0
4;7;0;G;0.008;1.69;2;0
4;7;1;A;0.004;2.1;0;545
4;7;1;B;0.004;2.1;2;0
4;7;1;C;0.004;2.1;2;0
4;7;1;D;0.004;2.1;2;0
4;7;1;E;0.004;2.1;2;0
4;7;1;F;0.004;2.1;2;0
4;7;1;G;0.004;2.1;2;0
4;7;2;A;0.008;1.49;0;6143
4;7;2;B;0.013;0.88;0;378
4;7;2;C;0.004;1.64;1;0
4;7;2;D;0;2;0;59
4;7;2;E;0;2;2;0
4;7;2;F;0;2;2;0
4;7;2;G;0;2;2;0
4;8;0;A;0.011;1.35;0;462
4;8;0;B;0.011;1.35;2;0
4;8;0;C;0.011;1.35;2;0
4;8;0;D;0.011;1.35;2;0
4;8;0;E;0.011;1.35;2;0
4;8;0;F;0.011;1.35;2;0
4;8;0;G;0.011;1.35;2;0
4;8;1;A;0.012;1.07;0;706
4;8;1;B;0.012;1.07;2;0
4;8;1;C;0.012;1.07;2;0
4;8;1;D;0.012;1.07;2;0
4;8;1;E;0.012;1.07;2;0
4;8;1;F;0.012;1.07;2;0
4;8;1;G;0.012;1.07;2;0
4;8;2;A;0.009;1.52;0;6460
4;8;2;B;0.026;-0.09;0;53
4;8;2;C;0.026;-0.09;2;0
4;8;2;D;0.026;-0.09;2;0
4;8;2;E;0.026;-0.09;2;0
4;8;2;F;0.026;-0.09;2;0
4;8;2;G;0.026;-0.09;2;0
4;9;0;A;0.011;1.37;0;442
4;9;0;B;0.011;1.37;2;0
4;9;0;C;0.011;1.37;2;0
4;9;0;D;0.011;1.37;2;0
4;9;0;E;0.011;1.37;2;0
4;9;0;F;0.011;1.37;2;0
4;9;0;G;0.011;1.37;2;0
4;9;1;A;0.007;1.76;0;1295
4;9;1;B;0.007;1.76;2;0
4;9;1;C;0.007;1.76;2;0
4;9;1;D;0.007;1.76;2;0
4;9;1;E;0.007;1.76;2;0
4;9;1;F;0.007;1.76;2;0
4;9;1;G;0.007;1.76;2;0
4;9;2;A;0.016;0.79;0;3045
4;9;2;B;0.038;-1.47;1;0
4;9;2;C;0.06;-3.73;0;67
4;9;2;D;0.06;-3.73;2;0
4;9;2;E;0.06;-3.73;2;0
4;9;2;F;0.06;-3.73;2;0
4;9;2;G;0.06;-3.73;2;0
4;10;0;A;0.014;1.02;0;5763
4;10;0;B;0.014;1.02;2;0
4;10;0;C;0.014;1.02;2;0
4;10;0;D;0.014;1.02;2;0
4;10;0;E;0.014;1.02;2;0
4;10;0;F;0.014;1.02;2;0
4;10;0;G;0.014;1.02;2;0
4;10;1;A;0.015;0.82;0;1426
4;10;1;B;0.015;0.82;2;0
4;10;1;C;0.015;0.82;2;0
4;10;1;D;0.015;0.82;2;0
4;10;1;E;0.015;0.82;2;0
4;10;1;F;0.015;0.82;2;0
4;10;1;G;0.015;0.82;2;0
4;10;2;A;0.019;0.45;0;1681
4;10;2;B;0.019;0.45;2;0
4;10;2;C;0.019;0.45;2;0
4;10;2;D;0.019;0.45;2;0
4;10;2;E;0.019;0.45;2;0
4;10;2;F;0.019;0.45;2;0
4;10;2;G;0.019;0.45;2;0
5;0;0;A;0.012;0.9;0;608
5;0;0;B;0.011;0.95;0;325
5;0;0;C;0.011;1.09;0;714
5;0;0;D;0.008;1.26;0;525
5;0;0;E;0.01;1.23;0;311
5;0;0;F;0.006;1.6;0;271
5;0;0;G;0.008;1.45;0;180
5;0;1;A;0.011;0.97;0;1199
5;0;1;B;0.008;1.21;0;1002
5;0;1;C;0.011;1.05;0;2344
5;0;1;D;0.011;1.02;0;2001
5;0;1;E;0.012;1.02;0;1309
5;0;1;F;0.01;1.09;0;972
5;0;1;G;0.008;1.24;0;923
5;0;2;A;0.016;0.55;0;2258
5;0;2;B;0.017;0.57;0;3237
5;0;2;C;0.012;0.91;0;6223
5;0;2;D;0.012;0.92;0;2950
5;0;2;E;0.013;0.93;0;1670
5;0;2;F;0.016;0.92;0;1105
5;0;2;G;0.01;1.03;0;622
5;1;0;A;0.012;0.92;0;197
5;1;0;B;0.013;0.95;0;124
5;1;0;C;0.012;1.19;0;295
5;1;0;D;0.015;1.04;0;281
5;1;0;E;0.01;1.43;0;201
5;1;0;F;0.011;1.22;0;152
5;1;0;G;0.005;1.5;0;112
5;1;1;A;0.008;1.3;0;351
5;1;1;B;0.016;1.03;0;465
5;1;1;C;0.009;1.34;0;1106
5;1;1;D;0.009;1.35;0;1261
5;1;1;E;0.01;1.29;0;844
5;1;1;F;0.008;1.35;0;777
5;1;1;G;0.007;1.31;0;708
5;1;2;A;0.007;1.09;0;571
5;1;2;B;0.014;0.69;0;607
5;1;2;C;0.011;0.88;0;1673
5;1;2;D;0.011;0.96;0;1221
5;1;2;E;0.014;0.79;0;622
5;1;2;F;0.021;0.33;0;436
5;1;2;G;0.008;1.12;0;247
5;2;0;A;0.008;0.96;0;143
5;2;0;B;0.007;1.19;0;108
5;2;0;C;0.01;1.1;0;392
5;2;0;D;0.012;0.91;0;370
5;2;0;E;0.005;1.42;0;226
5;2;0;F;0.008;1.24;0;71
5;2;0;G;0.01;1.01;0;59
5;2;1;A;0.014;0.73;0;397
5;2;1;B;0.007;1.02;0;515
5;2;1;C;0.007;1.21;0;1454
5;2;1;D;0.01;0.99;0;1083
5;2;1;E;0.014;0.81;0;786
5;2;1;F;0.01;0.98;0;352
5;2;1;G;0.005;1.32;0;333
5;2;2;A;0.009;1;0;6966
5;2;2;B;0.013;0.8;0;6037
5;2;2;C;0.012;0.86;0;20528
5;2;2;D;0.009;1.05;0;12975
5;2;2;E;0.008;1.12;0;6121
5;2;2;F;0.004;1.41;0;2180
5;2;2;G;0.005;1.18;0;1325
5;3;0;A;0.008;1.02;0;143
5;3;0;B;0.019;0.28;0;69
5;3;0;C;0.007;0.99;0;124
5;3;0;D;0.011;0.77;0;57
5;3;0;E;0.011;0.77;2;0
5;3;0;F;0.011;0.77;2;0
5;3;0;G;0.011;0.77;2;0
5;3;1;A;0.002;1.17;0;460
5;3;1;B;0.008;0.79;0;357
5;3;1;C;0.009;0.84;0;725
5;3;1;D;0.011;0.64;0;341
5;3;1;E;0.011;0.62;0;123
5;3;1;F;0.011;0.62;2;0
5;3;1;G;0.011;0.62;2;0
5;3;2;A;0.008;0.93;0;3418
5;3;2;B;0.011;0.66;0;4384
5;3;2;C;0.011;0.7;0;9470
5;3;2;D;0.012;0.72;0;3236
5;3;2;E;0.01;0.95;0;814
5;3;2;F;0.017;0.42;0;215
5;3;2;G;0.035;-0.59;0;75
5;4;0;A;0.01;0.83;0;558
5;4;0;B;0.01;0.71;0;559
5;4;0;C;0.009;0.87;0;730
5;4;0;D;0.006;1.26;0;72
5;4;0;E;0.006;1.26;2;0
5;4;0;F;0.006;1.26;2;0
5;4;0;G;0.006;1.26;2;0
5;4;1;A;0.01;0.75;0;1268
5;4;1;B;0.01;0.73;0;2370
5;4;1;C;0.01;0.71;0;3917
5;4;1;D;0.01;0.8;0;756
5;4;1;E;0.009;0.79;0;83
5;4;1;F;0.009;0.79;2;0
5;4;1;G;0.009;0.79;2;0
5;4;2;A;0.018;0.28;0;17691
5;4;2;B;0.015;0.44;0;39065
5;4;2;C;0.016;0.42;0;50067
5;4;2;D;0.018;0.36;0;3824
5;4;2;E;0.015;0.49;0;316
5;4;2;F;0.015;0.49;2;0
5;4;2;G;0.015;0.49;2;0
5;5;0;A;0.016;0.34;0;104
5;5;0;B;0.007;1;0;244
5;5;0;C;0.002;1.29;0;86
5;5;0;D;0.002;1.29;2;0
5;5;0;E;0.002;1.29;2;0
5;5;0;F;0.002;1.29;2;0
5;5;0;G;0.002;1.29;2;0
5;5;1;A;0.006;1;0;432
5;5;1;B;0.007;0.94;0;928
5;5;1;C;0.005;1.09;0;498
5;5;1;D;0.005;1.09;2;0
5;5;1;E;0.005;1.09;2;0
5;5;1;F;0.005;1.09;2;0
5;5;1;G;0.005;1.09;2;0
5;5;2;A;0.012;0.55;0;6383
5;5;2;B;0.017;0.21;0;9542
5;5;2;C;0.019;0.14;0;3143
5;5;2;D;0.035;-0.56;0;124
5;5;2;E;0.035;-0.56;2;0
5;5;2;F;0.035;-0.56;2;0
5;5;2;G;0.035;-0.56;2;0
5;6;0;A;0.007;1.01;0;176
5;6;0;B;0.012;0.5;0;402
5;6;0;C;0.005;1.2;0;88
5;6;0;D;0.005;1.2;2;0
5;6;0;E;0.005;1.2;2;0
5;6;0;F;0.005;1.2;2;0
5;6;0;G;0.005;1.2;2;0
5;6;1;A;0.006;0.97;0;607
5;6;1;B;0.008;0.88;0;889
5;6;1;C;0.003;1.11;0;276
5;6;1;D;0.003;1.11;2;0
5;6;1;E;0.003;1.11;2;0
5;6;1;F;0.003;1.11;2;0
5;6;1;G;0.003;1.11;2;0
5;6;2;A;0.009;0.74;0;6111
5;6;2;B;0.01;0.63;0;7230
5;6;2;C;0.015;0.43;0;2112
5;6;2;D;0.015;0.43;2;0
5;6;2;E;0.015;0.43;2;0
5;6;2;F;0.015;0.43;2;0
5;6;2;G;0.015;0.43;2;0
5;7;0;A;0.007;0.87;0;581
5;7;0;B;0.006;0.95;0;318
5;7;0;C;0.006;0.95;2;0
5;7;0;D;0.006;0.95;2;0
5;7;0;E;0.006;0.95;2;0
5;7;0;F;0.006;0.95;2;0
5;7;0;G;0.006;0.95;2;0
5;7;1;A;0.006;0.9;0;1024
5;7;1;B;0.006;0.92;0;665
5;7;1;C;0.008;0.91;0;73
5;7;1;D;0.008;0.91;2;0
5;7;1;E;0.008;0.91;2;0
5;7;1;F;0.008;0.91;2;0
5;7;1;G;0.008;0.91;2;0
5;7;2;A;0.007;0.85;0;7995
5;7;2;B;0.006;0.89;0;2833
5;7;2;C;0.008;0.75;0;187
5;7;2;D;0;2;0;57
5;7;2;E;0;2;2;0
5;7;2;F;0;2;2;0
5;7;2;G;0;2;2;0
5;8;0;A;0.006;0.99;0;1901
5;8;0;B;0.008;0.88;0;197
5;8;0;C;0.008;0.88;2;0
5;8;0;D;0.008;0.88;2;0
5;8;0;E;0.008;0.88;2;0
5;8;0;F;0.008;0.88;2;0
5;8;0;G;0.008;0.88;2;0
5;8;1;A;0.008;0.77;0;2553
5;8;1;B;0.006;1;0;206
5;8;1;C;0.006;1;2;0
5;8;1;D;0.006;1;2;0
5;8;1;E;0.006;1;2;0
5;8;1;F;0.006;1;2;0
5;8;1;G;0.006;1;2;0
5;8;2;A;0.007;0.82;0;10413
5;8;2;B;0.007;0.82;0;687
5;8;2;C;0.014;0.48;0;119
5;8;2;D;0.014;0.48;2;0
5;8;2;E;0.014;0.48;2;0
5;8;2;F;0.014;0.48;2;0
5;8;2;G;0.014;0.48;2;0
5;9;0;A;0.005;1.02;0;741
5;9;0;B;0.005;1.02;2;0
5;9;0;C;0.005;1.02;2;0
5;9;0;D;0.005;1.02;2;0
5;9;0;E;0.005;1.02;2;0
5;9;0;F;0.005;1.02;2;0
5;9;0;G;0.005;1.02;2;0
5;9;1;A;0.009;0.75;0;1740
5;9;1;B;0.006;1.12;0;69
5;9;1;C;0.006;1.12;2;0
5;9;1;D;0.006;1.12;2;0
5;9;1;E;0.006;1.12;2;0
5;9;1;F;0.006;1.12;2;0
5;9;1;G;0.006;1.12;2;0
5;9;2;A;0.008;0.78;0;5616
5;9;2;B;0.011;0.6;0;219
5;9;2;C;0.005;1.03;0;108
5;9;2;D;0.005;1.03;2;0
5;9;2;E;0.005;1.03;2;0
5;9;2;F;0.005;1.03;2;0
5;9;2;G;0.005;1.03;2;0
5;10;0;A;0.01;0.84;0;6360
5;10;0;B;0.013;0.59;0;60
5;10;0;C;0.013;0.59;2;0
5;10;0;D;0.013;0.59;2;0
5;10;0;E;0.013;0.59;2;0
5;10;0;F;0.013;0.59;2;0
5;10;0;G;0.013;0.59;2;0
5;10;1;A;0.008;0.96;0;2129
5;10;1;B;0.004;1.6;0;106
5;10;1;C;0.004;1.6;2;0
5;10;1;D;0.004;1.6;2;0
5;10;1;E;0.004;1.6;2;0
5;10;1;F;0.004;1.6;2;0
5;10;1;G;0.004;1.6;2;0
5;10;2;A;0.011;0.66;0;2749
5;10;2;B;0.017;0.63;0;312
5;10;2;C;0.017;0.63;2;0
5;10;2;D;0.017;0.63;2;0
5;10;2;E;0.017;0.63;2;0
5;10;2;F;0.017;0.63;2;0
5;10;2;G;0.017;0.63;2;0
6;0;0;A;0.009;1.06;0;533
6;0;0;B;0.007;1.27;0;320
6;0;0;C;0.009;1.13;0;966
6;0;0;D;0.009;1.14;0;727
6;0;0;E;0.012;0.97;0;347
6;0;0;F;0.006;1.61;0;263
6;0;0;G;0.01;1.04;0;138
6;0;1;A;0.011;1.05;0;1453
6;0;1;B;0.008;1.25;0;1441
6;0;1;C;0.011;1.12;0;3572
6;0;1;D;0.009;1.19;0;2930
6;0;1;E;0.011;1.03;0;1636
6;0;1;F;0.009;1.27;0;978
6;0;1;G;0.01;0.96;0;1007
6;0;2;A;0.019;0.54;0;3707
6;0;2;B;0.021;0.5;0;4696
6;0;2;C;0.019;0.57;0;9117
6;0;2;D;0.016;0.74;0;6475
6;0;2;E;0.015;0.81;0;2420
6;0;2;F;0.013;0.87;0;1002
6;0;2;G;0.01;0.96;0;669
6;1;0;A;0.015;0.62;0;159
6;1;0;B;0.027;0.15;0;54
6;1;0;C;0.016;0.79;0;194
6;1;0;D;0.013;1.15;0;192
6;1;0;E;0.008;1.22;0;104
6;1;0;F;0.012;1.15;0;92
6;1;0;G;0.008;1.34;0;81
6;1;1;A;0.007;1.49;0;337
6;1;1;B;0.008;1.3;0;401
6;1;1;C;0.008;1.33;0;1118
6;1;1;D;0.01;1.2;0;1298
6;1;1;E;0.009;1.28;0;811
6;1;1;F;0.011;1.16;0;501
6;1;1;G;0.01;1.2;0;462
6;1;2;A;0.017;0.57;0;371
6;1;2;B;0.024;0.59;0;274
6;1;2;C;0.013;0.95;0;1727
6;1;2;D;0.01;1.21;0;1659
6;1;2;E;0.011;1.1;0;614
6;1;2;F;0.006;1.34;0;267
6;1;2;G;0.008;1.14;0;126
6;2;0;A;0.008;1.64;0;57
6;2;0;B;0.017;0.46;0;103
6;2;0;C;0.005;1.55;0;199
6;2;0;D;0;2.04;0;140
6;2;0;E;0.012;1.09;0;90
6;2;0;F;0.012;1.09;2;0
6;2;0;G;0.012;1.09;2;0
6;2;1;A;0.005;1.32;0;250
6;2;1;B;0.018;0.54;0;388
6;2;1;C;0.008;1.2;0;1657
6;2;1;D;0.008;1.29;0;1154
6;2;1;E;0.003;1.56;0;789
6;2;1;F;0.005;1.45;0;424
6;2;1;G;0.011;0.82;0;321
6;2;2;A;0.015;0.91;0;5487
6;2;2;B;0.019;0.66;0;3942
6;2;2;C;0.016;0.94;0;15040
6;2;2;D;0.012;1.18;0;11329
6;2;2;E;0.011;1.22;0;5382
6;2;2;F;0.017;0.75;0;1545
6;2;2;G;0.011;1.04;0;981
6;3;0;A;0.016;0.45;0;346
6;3;0;B;0.008;1.22;1;0
6;3;0;C;0;2;0;52
6;3;0;D;0;2;0;90
6;3;0;E;0;2;2;0
6;3;0;F;0;2;2;0
6;3;0;G;0;2;2;0
6;3;1;A;0.011;0.77;0;503
6;3;1;B;0.011;0.87;0;428
6;3;1;C;0.004;1.19;0;692
6;3;1;D;0.002;1.42;0;252
6;3;1;E;0.003;1.28;0;261
6;3;1;F;0;2;0;55
6;3;1;G;0;2;2;0
6;3;2;A;0.009;1.01;0;4206
6;3;2;B;0.017;0.4;0;3583
6;3;2;C;0.01;1.02;0;12800
6;3;2;D;0.013;0.84;0;5410
6;3;2;E;0.013;0.78;0;993
6;3;2;F;0.021;0.03;0;394
6;3;2;G;0.03;0.05;0;59
6;4;0;A;0.006;1.15;0;620
6;4;0;B;0.008;1.12;0;273
6;4;0;C;0.005;1;0;552
6;4;0;D;0.005;1.16;0;59
6;4;0;E;0.006;0.98;0;94
6;4;0;F;0.006;0.98;2;0
6;4;0;G;0.006;0.98;2;0
6;4;1;A;0.006;1.03;0;863
6;4;1;B;0.006;1.04;0;2229
6;4;1;C;0.006;1;0;4153
6;4;1;D;0.008;0.99;0;696
6;4;1;E;0.014;0.43;0;121
6;4;1;F;0.014;0.43;2;0
6;4;1;G;0.014;0.43;2;0
6;4;2;A;0.017;0.41;0;5014
6;4;2;B;0.019;0.28;0;10728
6;4;2;C;0.019;0.23;0;14961
6;4;2;D;0.017;0.33;0;2046
6;4;2;E;0.007;1.04;0;142
6;4;2;F;0.007;1.04;2;0
6;4;2;G;0.007;1.04;2;0
6;5;0;A;0.005;1.3;0;83
6;5;0;B;0.005;1.15;0;284
6;5;0;C;0.004;1.07;0;128
6;5;0;D;0.004;1.07;2;0
6;5;0;E;0.004;1.07;2;0
6;5;0;F;0.004;1.07;2;0
6;5;0;G;0.004;1.07;2;0
6;5;1;A;0.007;0.92;0;542
6;5;1;B;0.005;1.15;0;1397
6;5;1;C;0.004;1.28;0;982
6;5;1;D;0.004;1.28;2;0
6;5;1;E;0.004;1.28;2;0
6;5;1;F;0.004;1.28;2;0
6;5;1;G;0.004;1.28;2;0
6;5;2;A;0.015;0.28;0;2845
6;5;2;B;0.016;0.32;0;5197
6;5;2;C;0.013;0.55;0;2596
6;5;2;D;0.017;0.55;0;54
6;5;2;E;0.017;0.55;2;0
6;5;2;F;0.017;0.55;2;0
6;5;2;G;0.017;0.55;2;0
6;6;0;A;0.018;0.05;0;197
6;6;0;B;0.01;0.67;0;381
6;6;0;C;0.006;0.9;0;389
6;6;0;D;0.006;0.9;2;0
6;6;0;E;0.006;0.9;2;0
6;6;0;F;0.006;0.9;2;0
6;6;0;G;0.006;0.9;2;0
6;6;1;A;0.005;1.18;0;548
6;6;1;B;0.005;1.24;0;1552
6;6;1;C;0.004;1.23;0;432
6;6;1;D;0.004;1.23;2;0
6;6;1;E;0.004;1.23;2;0
6;6;1;F;0.004;1.23;2;0
6;6;1;G;0.004;1.23;2;0
6;6;2;A;0.014;0.35;0;2604
6;6;2;B;0.013;0.5;0;4141
6;6;2;C;0.011;0.57;0;1794
6;6;2;D;0.011;0.57;2;0
6;6;2;E;0.011;0.57;2;0
6;6;2;F;0.011;0.57;2;0
6;6;2;G;0.011;0.57;2;0
6;7;0;A;0.01;0.74;0;1136
6;7;0;B;0.005;1.15;0;654
6;7;0;C;0.005;1.15;2;0
6;7;0;D;0.005;1.15;2;0
6;7;0;E;0.005;1.15;2;0
6;7;0;F;0.005;1.15;2;0
6;7;0;G;0.005;1.15;2;0
6;7;1;A;0.01;0.78;0;960
6;7;1;B;0.009;0.87;0;957
6;7;1;C;0.007;1.08;0;177
6;7;1;D;0.007;1.08;2;0
6;7;1;E;0.007;1.08;2;0
6;7;1;F;0.007;1.08;2;0
6;7;1;G;0.007;1.08;2;0
6;7;2;A;0.008;0.8;0;3923
6;7;2;B;0.007;0.92;0;2217
6;7;2;C;0.012;0.83;0;378
6;7;2;D;0.012;0.83;2;0
6;7;2;E;0.012;0.83;2;0
6;7;2;F;0.012;0.83;2;0
6;7;2;G;0.012;0.83;2;0
6;8;0;A;0.01;0.82;0;2761
6;8;0;B;0.01;0.83;0;615
6;8;0;C;0.01;0.83;2;0
6;8;0;D;0.01;0.83;2;0
6;8;0;E;0.01;0.83;2;0
6;8;0;F;0.01;0.83;2;0
6;8;0;G;0.01;0.83;2;0
6;8;1;A;0.007;1.18;0;3467
6;8;1;B;0.011;0.82;0;599
6;8;1;C;0.011;0.82;2;0
6;8;1;D;0.011;0.82;2;0
6;8;1;E;0.011;0.82;2;0
6;8;1;F;0.011;0.82;2;0
6;8;1;G;0.011;0.82;2;0
6;8;2;A;0.006;0.99;0;8967
6;8;2;B;0.009;0.74;0;1107
6;8;2;C;0.007;0.86;0;237
6;8;2;D;0.009;0.67;0;63
6;8;2;E;0.009;0.67;2;0
6;8;2;F;0.009;0.67;2;0
6;8;2;G;0.009;0.67;2;0
6;9;0;A;0.007;1.01;0;1654
6;9;0;B;0.006;1;0;117
6;9;0;C;0.006;1;2;0
6;9;0;D;0.006;1;2;0
6;9;0;E;0.006;1;2;0
6;9;0;F;0.006;1;2;0
6;9;0;G;0.006;1;2;0
6;9;1;A;0.008;1;0;2279
6;9;1;B;0.008;0.94;0;152
6;9;1;C;0.008;0.94;2;0
6;9;1;D;0.008;0.94;2;0
6;9;1;E;0.008;0.94;2;0
6;9;1;F;0.008;0.94;2;0
6;9;1;G;0.008;0.94;2;0
6;9;2;A;0.009;0.84;0;5577
6;9;2;B;0.002;1.37;0;394
6;9;2;C;0.002;1.37;2;0
6;9;2;D;0.002;1.37;2;0
6;9;2;E;0.002;1.37;2;0
6;9;2;F;0.002;1.37;2;0
6;9;2;G;0.002;1.37;2;0
6;10;0;A;0.01;0.77;0;1766
6;10;0;B;0.01;0.77;2;0
6;10;0;C;0.01;0.77;2;0
6;10;0;D;0.01;0.77;2;0
6;10;0;E;0.01;0.77;2;0
6;10;0;F;0.01;0.77;2;0
6;10;0;G;0.01;0.77;2;0
6;10;1;A;0.008;0.97;0;865
6;10;1;B;0.002;0.98;0;237
6;10;1;C;0.005;0.88;0;184
6;10;1;D;0.005;0.88;2;0
6;10;1;E;0.005;0.88;2;0
6;10;1;F;0.005;0.88;2;0
6;10;1;G;0.005;0.88;2;0
6;10;2;A;0.01;0.71;0;1163
6;10;2;B;0.02;-0.03;0;83
6;10;2;C;0.02;-0.03;2;0
6;10;2;D;0.02;-0.03;2;0
6;10;2;E;0.02;-0.03;2;0
6;10;2;F;0.02;-0.03;2;0
6;10;2;G;0.02;-0.03;2;0
