W;B;E;S;Bewerkingstype;RE_FO_a_WBE [m3 aardgas];RE_FO_b_WBSE [m3 aardgas];FVrvKC_mean_SJV [m3 aardgas];FVrvKC sd_SJV [m3 aardgas];OP_mean [m2];Se (stdv residuals);Sse;t a/2;Count
1;0;0;A;3;4.73;994.76;1849.77;671.79;180.63;709.71;364101.56;1.99;0
1;0;0;B;3;4.73;994.76;1849.77;671.79;180.63;709.71;364101.56;1.99;0
1;0;0;C;0;4.73;994.76;1849.77;671.79;180.63;709.71;364101.56;1.99;84
1;0;0;D;0;4.73;937.97;1737.79;710.49;168.97;706.72;997325.77;1.97;273
1;0;0;E;0;4.73;1121.26;1950.76;794.4;175.24;709.37;478414.68;1.99;91
1;0;0;F;0;4.73;1037.95;1834.26;713.54;168.23;707.22;877599.31;1.97;198
1;0;0;G;0;4.73;961.34;1701.79;700.21;156.43;706.54;1227457.65;1.97;317
1;0;1;A;3;4.97;997.65;1730.7;686.17;147.38;733.38;264335.53;2;0
1;0;1;B;3;4.97;997.65;1730.7;686.17;147.38;733.38;264335.53;2;0
1;0;1;C;3;4.97;997.65;1730.7;686.17;147.38;733.38;264335.53;2;0
1;0;1;D;3;4.97;997.65;1730.7;686.17;147.38;733.38;264335.53;2;0
1;0;1;E;3;4.97;997.65;1730.7;686.17;147.38;733.38;264335.53;2;0
1;0;1;F;0;4.97;997.65;1730.7;686.17;147.38;733.38;264335.53;2;66
1;0;1;G;0;4.97;1060.6;1839.94;763.28;156.69;730.28;592606.94;1.98;144
1;0;2;A;3;0.73;1387.87;1472.22;563.9;115.72;617.27;119457.77;2;0
1;0;2;B;3;0.73;1387.87;1472.22;563.9;115.72;617.27;119457.77;2;0
1;0;2;C;3;0.73;1387.87;1472.22;563.9;115.72;617.27;119457.77;2;0
1;0;2;D;3;0.73;1387.87;1472.22;563.9;115.72;617.27;119457.77;2;0
1;0;2;E;3;0.73;1387.87;1472.22;563.9;115.72;617.27;119457.77;2;0
1;0;2;F;3;0.73;1387.87;1472.22;563.9;115.72;617.27;119457.77;2;0
1;0;2;G;0;0.73;1387.87;1472.22;563.9;115.72;617.27;119457.77;2;69
1;1;0;A;3;4.72;1128.81;1952.05;755.81;174.55;740.69;170957.13;2.01;0
1;1;0;B;3;4.72;1128.81;1952.05;755.81;174.55;740.69;170957.13;2.01;0
1;1;0;C;0;4.72;1128.81;1952.05;755.81;174.55;740.69;170957.13;2.01;53
1;1;0;D;0;4.72;1040.11;1797.57;716.72;160.6;736.51;404908;1.98;125
1;1;0;E;0;4.72;1300.8;2124.45;748.7;174.63;740.83;126220.06;2.01;52
1;1;0;F;0;4.72;1110.48;1915.25;716.47;170.63;736.46;538149.61;1.98;127
1;1;0;G;0;4.72;1017.76;1769.21;713.86;159.32;735.47;686951.87;1.97;191
1;1;1;A;3;4.02;1362.72;1934.57;716.38;142.4;764.24;93698.52;2.01;0
1;1;1;B;3;4.02;1362.72;1934.57;716.38;142.4;764.24;93698.52;2.01;0
1;1;1;C;3;4.02;1362.72;1934.57;716.38;142.4;764.24;93698.52;2.01;0
1;1;1;D;3;4.02;1362.72;1934.57;716.38;142.4;764.24;93698.52;2.01;0
1;1;1;E;3;4.02;1362.72;1934.57;716.38;142.4;764.24;93698.52;2.01;0
1;1;1;F;3;4.02;1362.72;1934.57;716.38;142.4;764.24;93698.52;2.01;0
1;1;1;G;0;4.02;1362.72;1934.57;716.38;142.4;764.24;93698.52;2.01;52
1;1;2;A;3;4.4;1217.13;1615.33;623.49;90.42;722.21;43990.69;2.01;0
1;1;2;B;3;4.4;1217.13;1615.33;623.49;90.42;722.21;43990.69;2.01;0
1;1;2;C;3;4.4;1217.13;1615.33;623.49;90.42;722.21;43990.69;2.01;0
1;1;2;D;0;4.4;1217.13;1615.33;623.49;90.42;722.21;43990.69;2.01;52
1;1;2;E;4;4.4;1237.89;1637.22;651.21;90.68;721.25;57512.34;2;0
1;1;2;F;4;4.4;1258.64;1659.11;678.93;90.94;720.29;71033.99;1.99;0
1;1;2;G;0;4.4;1279.4;1681.01;706.66;91.2;719.34;84555.64;1.99;86
1;2;0;A;3;5.89;721.42;1669.67;686.7;161.08;694.66;369934.09;1.98;0
1;2;0;B;3;5.89;721.42;1669.67;686.7;161.08;694.66;369934.09;1.98;0
1;2;0;C;0;5.89;721.42;1669.67;686.7;161.08;694.66;369934.09;1.98;133
1;2;0;D;0;5.89;955.25;1945.86;671.24;168.28;694.97;334023.85;1.98;119
1;2;0;E;0;5.89;926.53;1892.47;708.46;164.09;693.89;622154.63;1.97;187
1;2;0;F;0;5.89;863.3;1764.46;743.38;153.08;693.32;782596.19;1.97;268
1;2;0;G;0;5.89;881.81;1731.94;687.08;144.41;694.62;346716.77;1.98;135
1;2;1;A;3;6.53;751.81;1649.9;705.61;137.61;705.5;103422.16;2.01;0
1;2;1;B;3;6.53;751.81;1649.9;705.61;137.61;705.5;103422.16;2.01;0
1;2;1;C;3;6.53;751.81;1649.9;705.61;137.61;705.5;103422.16;2.01;0
1;2;1;D;3;6.53;751.81;1649.9;705.61;137.61;705.5;103422.16;2.01;0
1;2;1;E;0;6.53;751.81;1649.9;705.61;137.61;705.5;103422.16;2.01;51
1;2;1;F;0;6.53;848.45;1760.34;715.49;139.72;702.7;198628.63;1.99;83
1;2;1;G;2;6.53;848.45;1760.34;715.49;139.72;702.7;198628.63;1.99;0
1;2;2;A;3;2.6;1024.53;1286.72;435.33;100.78;601.9;32508.05;1.99;0
1;2;2;B;3;2.6;1024.53;1286.72;435.33;100.78;601.9;32508.05;1.99;0
1;2;2;C;0;2.6;1024.53;1286.72;435.33;100.78;601.9;32508.05;1.99;82
1;2;2;D;0;2.6;973.03;1235.36;506.79;100.83;601.01;49308.97;1.98;107
1;2;2;E;0;2.6;1090.62;1362.72;530.55;104.59;600.68;70941.34;1.98;121
1;2;2;F;0;2.6;1210.69;1484.33;528.04;105.18;600.66;80952.03;1.98;122
1;2;2;G;0;2.6;1315.74;1575.3;697.65;99.77;602.09;50519.85;1.99;78
1;3;0;A;3;5.67;810.55;1839.68;740.8;181.62;733.39;709774.21;1.97;0
1;3;0;B;3;5.67;810.55;1839.68;740.8;181.62;733.39;709774.21;1.97;0
1;3;0;C;0;5.67;810.55;1839.68;740.8;181.62;733.39;709774.21;1.97;238
1;3;0;D;0;5.67;899.58;1892.56;743.51;175.24;733.05;977333.58;1.97;306
1;3;0;E;0;5.67;956.21;1919.74;731.41;170.04;734.31;363975.76;1.98;150
1;3;0;F;0;5.67;926.93;1872.88;750.01;166.94;737.72;198453.75;2;64
1;3;0;G;2;5.67;926.93;1872.88;750.01;166.94;737.72;198453.75;2;0
1;3;1;A;5;5.67;810.55;1839.68;740.8;181.62;733.39;709774.21;1.97;0
1;3;1;B;5;5.67;810.55;1839.68;740.8;181.62;733.39;709774.21;1.97;0
1;3;1;C;5;5.67;810.55;1839.68;740.8;181.62;733.39;709774.21;1.97;0
1;3;1;D;5;5.67;899.58;1892.56;743.51;175.24;733.05;977333.58;1.97;0
1;3;1;E;5;5.67;956.21;1919.74;731.41;170.04;734.31;363975.76;1.98;0
1;3;1;F;5;5.67;926.93;1872.88;750.01;166.94;737.72;198453.75;2;0
1;3;1;G;5;5.67;926.93;1872.88;750.01;166.94;737.72;198453.75;2;0
1;3;2;A;5;5.67;810.55;1839.68;740.8;181.62;733.39;709774.21;1.97;0
1;3;2;B;5;5.67;810.55;1839.68;740.8;181.62;733.39;709774.21;1.97;0
1;3;2;C;5;5.67;810.55;1839.68;740.8;181.62;733.39;709774.21;1.97;0
1;3;2;D;5;5.67;899.58;1892.56;743.51;175.24;733.05;977333.58;1.97;0
1;3;2;E;5;5.67;956.21;1919.74;731.41;170.04;734.31;363975.76;1.98;0
1;3;2;F;5;5.67;926.93;1872.88;750.01;166.94;737.72;198453.75;2;0
1;3;2;G;5;5.67;926.93;1872.88;750.01;166.94;737.72;198453.75;2;0
1;4;0;A;3;5.19;751.21;1752.64;689.67;192.92;684.51;487699;1.98;0
1;4;0;B;0;5.19;751.21;1752.64;689.67;192.92;684.51;487699;1.98;144
1;4;0;C;0;5.19;896.76;1855.86;682;184.76;682.75;1581879.55;1.96;538
1;4;0;D;0;5.19;1000.7;1961.78;718.38;185.14;686.31;252734.27;1.99;83
1;4;0;E;2;5.19;1000.7;1961.78;718.38;185.14;686.31;252734.27;1.99;0
1;4;0;F;2;5.19;1000.7;1961.78;718.38;185.14;686.31;252734.27;1.99;0
1;4;0;G;2;5.19;1000.7;1961.78;718.38;185.14;686.31;252734.27;1.99;0
1;4;1;A;3;6.4;626.25;1651.81;723.85;160.2;668.07;364380;1.98;0
1;4;1;B;3;6.4;626.25;1651.81;723.85;160.2;668.07;364380;1.98;0
1;4;1;C;0;6.4;626.25;1651.81;723.85;160.2;668.07;364380;1.98;100
1;4;1;D;2;6.4;626.25;1651.81;723.85;160.2;668.07;364380;1.98;0
1;4;1;E;2;6.4;626.25;1651.81;723.85;160.2;668.07;364380;1.98;0
1;4;1;F;2;6.4;626.25;1651.81;723.85;160.2;668.07;364380;1.98;0
1;4;1;G;2;6.4;626.25;1651.81;723.85;160.2;668.07;364380;1.98;0
1;4;2;A;3;4.73;322.71;620.42;429.44;62.98;480.44;94980.98;2;0
1;4;2;B;0;4.73;322.71;620.42;429.44;62.98;480.44;94980.98;2;60
1;4;2;C;0;4.73;709.09;1244.88;413.51;113.35;478.93;168723.41;1.99;94
1;4;2;D;2;4.73;709.09;1244.88;413.51;113.35;478.93;168723.41;1.99;0
1;4;2;E;2;4.73;709.09;1244.88;413.51;113.35;478.93;168723.41;1.99;0
1;4;2;F;2;4.73;709.09;1244.88;413.51;113.35;478.93;168723.41;1.99;0
1;4;2;G;2;4.73;709.09;1244.88;413.51;113.35;478.93;168723.41;1.99;0
1;5;0;A;0;6.14;481.24;1553.15;628.81;174.6;614.25;196898.92;1.99;87
1;5;0;B;0;6.14;509.88;1692.8;655.25;192.68;613.52;335929.76;1.98;109
1;5;0;C;2;6.14;509.88;1692.8;655.25;192.68;613.52;335929.76;1.98;0
1;5;0;D;2;6.14;509.88;1692.8;655.25;192.68;613.52;335929.76;1.98;0
1;5;0;E;2;6.14;509.88;1692.8;655.25;192.68;613.52;335929.76;1.98;0
1;5;0;F;2;6.14;509.88;1692.8;655.25;192.68;613.52;335929.76;1.98;0
1;5;0;G;2;6.14;509.88;1692.8;655.25;192.68;613.52;335929.76;1.98;0
1;5;1;A;5;6.14;481.24;1553.15;628.81;174.6;614.25;196898.92;1.99;0
1;5;1;B;5;6.14;509.88;1692.8;655.25;192.68;613.52;335929.76;1.98;0
1;5;1;C;5;6.14;509.88;1692.8;655.25;192.68;613.52;335929.76;1.98;0
1;5;1;D;5;6.14;509.88;1692.8;655.25;192.68;613.52;335929.76;1.98;0
1;5;1;E;5;6.14;509.88;1692.8;655.25;192.68;613.52;335929.76;1.98;0
1;5;1;F;5;6.14;509.88;1692.8;655.25;192.68;613.52;335929.76;1.98;0
1;5;1;G;5;6.14;509.88;1692.8;655.25;192.68;613.52;335929.76;1.98;0
1;5;2;A;5;6.14;481.24;1553.15;628.81;174.6;614.25;196898.92;1.99;0
1;5;2;B;5;6.14;509.88;1692.8;655.25;192.68;613.52;335929.76;1.98;0
1;5;2;C;5;6.14;509.88;1692.8;655.25;192.68;613.52;335929.76;1.98;0
1;5;2;D;5;6.14;509.88;1692.8;655.25;192.68;613.52;335929.76;1.98;0
1;5;2;E;5;6.14;509.88;1692.8;655.25;192.68;613.52;335929.76;1.98;0
1;5;2;F;5;6.14;509.88;1692.8;655.25;192.68;613.52;335929.76;1.98;0
1;5;2;G;5;6.14;509.88;1692.8;655.25;192.68;613.52;335929.76;1.98;0
1;6;0;A;0;4.99;602.4;1528.51;639.69;185.72;609.84;206694.18;2;60
1;6;0;B;0;4.99;738.79;1691.09;596.46;190.97;607.76;237524.91;1.98;99
1;6;0;C;2;4.99;738.79;1691.09;596.46;190.97;607.76;237524.91;1.98;0
1;6;0;D;2;4.99;738.79;1691.09;596.46;190.97;607.76;237524.91;1.98;0
1;6;0;E;2;4.99;738.79;1691.09;596.46;190.97;607.76;237524.91;1.98;0
1;6;0;F;2;4.99;738.79;1691.09;596.46;190.97;607.76;237524.91;1.98;0
1;6;0;G;2;4.99;738.79;1691.09;596.46;190.97;607.76;237524.91;1.98;0
1;6;1;A;5;4.99;602.4;1528.51;639.69;185.72;609.84;206694.18;2;0
1;6;1;B;5;4.99;738.79;1691.09;596.46;190.97;607.76;237524.91;1.98;0
1;6;1;C;5;4.99;738.79;1691.09;596.46;190.97;607.76;237524.91;1.98;0
1;6;1;D;5;4.99;738.79;1691.09;596.46;190.97;607.76;237524.91;1.98;0
1;6;1;E;5;4.99;738.79;1691.09;596.46;190.97;607.76;237524.91;1.98;0
1;6;1;F;5;4.99;738.79;1691.09;596.46;190.97;607.76;237524.91;1.98;0
1;6;1;G;5;4.99;738.79;1691.09;596.46;190.97;607.76;237524.91;1.98;0
1;6;2;A;5;4.99;602.4;1528.51;639.69;185.72;609.84;206694.18;2;0
1;6;2;B;5;4.99;738.79;1691.09;596.46;190.97;607.76;237524.91;1.98;0
1;6;2;C;5;4.99;738.79;1691.09;596.46;190.97;607.76;237524.91;1.98;0
1;6;2;D;5;4.99;738.79;1691.09;596.46;190.97;607.76;237524.91;1.98;0
1;6;2;E;5;4.99;738.79;1691.09;596.46;190.97;607.76;237524.91;1.98;0
1;6;2;F;5;4.99;738.79;1691.09;596.46;190.97;607.76;237524.91;1.98;0
1;6;2;G;5;4.99;738.79;1691.09;596.46;190.97;607.76;237524.91;1.98;0
1;7;0;A;0;5.77;379.59;1616.51;587.63;214.34;536.01;379421.22;1.98;113
1;7;0;B;0;5.77;528.16;1750.68;593.3;211.84;538.44;168005.58;2;57
1;7;0;C;2;5.77;528.16;1750.68;593.3;211.84;538.44;168005.58;2;0
1;7;0;D;2;5.77;528.16;1750.68;593.3;211.84;538.44;168005.58;2;0
1;7;0;E;2;5.77;528.16;1750.68;593.3;211.84;538.44;168005.58;2;0
1;7;0;F;2;5.77;528.16;1750.68;593.3;211.84;538.44;168005.58;2;0
1;7;0;G;2;5.77;528.16;1750.68;593.3;211.84;538.44;168005.58;2;0
1;7;1;A;5;5.77;379.59;1616.51;587.63;214.34;536.01;379421.22;1.98;0
1;7;1;B;5;5.77;528.16;1750.68;593.3;211.84;538.44;168005.58;2;0
1;7;1;C;5;5.77;528.16;1750.68;593.3;211.84;538.44;168005.58;2;0
1;7;1;D;5;5.77;528.16;1750.68;593.3;211.84;538.44;168005.58;2;0
1;7;1;E;5;5.77;528.16;1750.68;593.3;211.84;538.44;168005.58;2;0
1;7;1;F;5;5.77;528.16;1750.68;593.3;211.84;538.44;168005.58;2;0
1;7;1;G;5;5.77;528.16;1750.68;593.3;211.84;538.44;168005.58;2;0
1;7;2;A;0;5.19;228.13;1029.77;356.66;154.4;329.12;68330;2.01;50
1;7;2;B;2;5.19;228.13;1029.77;356.66;154.4;329.12;68330;2.01;0
1;7;2;C;2;5.19;228.13;1029.77;356.66;154.4;329.12;68330;2.01;0
1;7;2;D;2;5.19;228.13;1029.77;356.66;154.4;329.12;68330;2.01;0
1;7;2;E;2;5.19;228.13;1029.77;356.66;154.4;329.12;68330;2.01;0
1;7;2;F;2;5.19;228.13;1029.77;356.66;154.4;329.12;68330;2.01;0
1;7;2;G;2;5.19;228.13;1029.77;356.66;154.4;329.12;68330;2.01;0
1;8;0;A;0;5.28;461.76;1491.17;569.39;194.86;554.79;200440.29;1.99;84
1;8;0;B;2;5.28;461.76;1491.17;569.39;194.86;554.79;200440.29;1.99;0
1;8;0;C;2;5.28;461.76;1491.17;569.39;194.86;554.79;200440.29;1.99;0
1;8;0;D;2;5.28;461.76;1491.17;569.39;194.86;554.79;200440.29;1.99;0
1;8;0;E;2;5.28;461.76;1491.17;569.39;194.86;554.79;200440.29;1.99;0
1;8;0;F;2;5.28;461.76;1491.17;569.39;194.86;554.79;200440.29;1.99;0
1;8;0;G;2;5.28;461.76;1491.17;569.39;194.86;554.79;200440.29;1.99;0
1;8;1;A;5;5.28;461.76;1491.17;569.39;194.86;554.79;200440.29;1.99;0
1;8;1;B;5;5.28;461.76;1491.17;569.39;194.86;554.79;200440.29;1.99;0
1;8;1;C;5;5.28;461.76;1491.17;569.39;194.86;554.79;200440.29;1.99;0
1;8;1;D;5;5.28;461.76;1491.17;569.39;194.86;554.79;200440.29;1.99;0
1;8;1;E;5;5.28;461.76;1491.17;569.39;194.86;554.79;200440.29;1.99;0
1;8;1;F;5;5.28;461.76;1491.17;569.39;194.86;554.79;200440.29;1.99;0
1;8;1;G;5;5.28;461.76;1491.17;569.39;194.86;554.79;200440.29;1.99;0
1;8;2;A;5;5.28;461.76;1491.17;569.39;194.86;554.79;200440.29;1.99;0
1;8;2;B;5;5.28;461.76;1491.17;569.39;194.86;554.79;200440.29;1.99;0
1;8;2;C;5;5.28;461.76;1491.17;569.39;194.86;554.79;200440.29;1.99;0
1;8;2;D;5;5.28;461.76;1491.17;569.39;194.86;554.79;200440.29;1.99;0
1;8;2;E;5;5.28;461.76;1491.17;569.39;194.86;554.79;200440.29;1.99;0
1;8;2;F;5;5.28;461.76;1491.17;569.39;194.86;554.79;200440.29;1.99;0
1;8;2;G;5;5.28;461.76;1491.17;569.39;194.86;554.79;200440.29;1.99;0
1;9;0;A;5;5.13;453.9;1485.39;561.73;201.1;2029;1;0;0
1;9;0;B;5;5.13;453.9;1485.39;561.73;201.1;0;0;0;0
1;9;0;C;5;5.13;453.9;1485.39;561.73;201.1;0;0;0;0
1;9;0;D;5;5.13;453.9;1485.39;561.73;201.1;0;0;0;0
1;9;0;E;5;5.13;453.9;1485.39;561.73;201.1;0;0;0;0
1;9;0;F;5;5.13;453.9;1485.39;561.73;201.1;0;0;0;0
1;9;0;G;5;5.13;453.9;1485.39;561.73;201.1;0;0;0;0
1;9;1;A;5;6.5;281.9;1563.25;576.12;197.13;71;1;0;0
1;9;1;B;5;6.5;281.9;1563.25;576.12;197.13;0;0;0;0
1;9;1;C;5;6.5;281.9;1563.25;576.12;197.13;0;0;0;0
1;9;1;D;5;6.5;281.9;1563.25;576.12;197.13;0;0;0;0
1;9;1;E;5;6.5;281.9;1563.25;576.12;197.13;0;0;0;0
1;9;1;F;5;6.5;281.9;1563.25;576.12;197.13;0;0;0;0
1;9;1;G;5;6.5;281.9;1563.25;576.12;197.13;0;0;0;0
1;9;2;A;5;5.13;453.9;1485.39;561.73;201.1;0;0;0;0
1;9;2;B;5;5.13;453.9;1485.39;561.73;201.1;0;0;0;0
1;9;2;C;5;5.13;453.9;1485.39;561.73;201.1;0;0;0;0
1;9;2;D;5;5.13;453.9;1485.39;561.73;201.1;0;0;0;0
1;9;2;E;5;5.13;453.9;1485.39;561.73;201.1;0;0;0;0
1;9;2;F;5;5.13;453.9;1485.39;561.73;201.1;0;0;0;0
1;9;2;G;5;5.13;453.9;1485.39;561.73;201.1;0;0;0;0
1;10;0;A;0;6.55;62.67;1235.29;520.09;178.94;459.8;492314.26;1.97;229
1;10;0;B;2;6.55;62.67;1235.29;520.09;178.94;459.8;492314.26;1.97;0
1;10;0;C;2;6.55;62.67;1235.29;520.09;178.94;459.8;492314.26;1.97;0
1;10;0;D;2;6.55;62.67;1235.29;520.09;178.94;459.8;492314.26;1.97;0
1;10;0;E;2;6.55;62.67;1235.29;520.09;178.94;459.8;492314.26;1.97;0
1;10;0;F;2;6.55;62.67;1235.29;520.09;178.94;459.8;492314.26;1.97;0
1;10;0;G;2;6.55;62.67;1235.29;520.09;178.94;459.8;492314.26;1.97;0
1;10;1;A;5;6.55;62.67;1235.29;520.09;178.94;459.8;492314.26;1.97;0
1;10;1;B;5;6.55;62.67;1235.29;520.09;178.94;459.8;492314.26;1.97;0
1;10;1;C;5;6.55;62.67;1235.29;520.09;178.94;459.8;492314.26;1.97;0
1;10;1;D;5;6.55;62.67;1235.29;520.09;178.94;459.8;492314.26;1.97;0
1;10;1;E;5;6.55;62.67;1235.29;520.09;178.94;459.8;492314.26;1.97;0
1;10;1;F;5;6.55;62.67;1235.29;520.09;178.94;459.8;492314.26;1.97;0
1;10;1;G;5;6.55;62.67;1235.29;520.09;178.94;459.8;492314.26;1.97;0
1;10;2;A;5;6.55;62.67;1235.29;520.09;178.94;459.8;492314.26;1.97;0
1;10;2;B;5;6.55;62.67;1235.29;520.09;178.94;459.8;492314.26;1.97;0
1;10;2;C;5;6.55;62.67;1235.29;520.09;178.94;459.8;492314.26;1.97;0
1;10;2;D;5;6.55;62.67;1235.29;520.09;178.94;459.8;492314.26;1.97;0
1;10;2;E;5;6.55;62.67;1235.29;520.09;178.94;459.8;492314.26;1.97;0
1;10;2;F;5;6.55;62.67;1235.29;520.09;178.94;459.8;492314.26;1.97;0
1;10;2;G;5;6.55;62.67;1235.29;520.09;178.94;459.8;492314.26;1.97;0
2;0;0;A;3;6.04;730.82;1562.95;654.11;137.72;661.72;321438.94;1.98;0
2;0;0;B;3;6.04;730.82;1562.95;654.11;137.72;661.72;321438.94;1.98;0
2;0;0;C;0;6.04;730.82;1562.95;654.11;137.72;661.72;321438.94;1.98;113
2;0;0;D;0;6.04;774.83;1618.51;632.87;139.63;660.55;506555.4;1.97;186
2;0;0;E;0;6.04;824.05;1705.61;715.24;145.9;661.86;390913.88;1.98;108
2;0;0;F;0;6.04;905.61;1799.01;702.68;147.86;660.74;470098.57;1.97;168
2;0;0;G;0;6.04;777.63;1626.6;725.68;140.5;660.11;858413.5;1.97;246
2;0;1;A;3;7.24;507.1;1180.65;640.5;93.08;643.66;53485.68;2.01;0
2;0;1;B;3;7.24;507.1;1180.65;640.5;93.08;643.66;53485.68;2.01;0
2;0;1;C;3;7.24;507.1;1180.65;640.5;93.08;643.66;53485.68;2.01;0
2;0;1;D;3;7.24;507.1;1180.65;640.5;93.08;643.66;53485.68;2.01;0
2;0;1;E;0;7.24;507.1;1180.65;640.5;93.08;643.66;53485.68;2.01;50
2;0;1;F;1;7.24;575.93;1343.92;644.59;106.13;641.91;154553.6;2;0
2;0;1;G;0;7.24;644.76;1507.19;648.69;119.18;640.17;255621.53;1.98;104
2;0;2;A;0;3.61;632.9;945.3;456.15;86.43;499.68;94808.29;1.97;238
2;0;2;B;0;3.61;645.39;954.56;405.55;85.53;499.75;76578;1.97;225
2;0;2;C;0;3.61;667.81;996.32;390.78;90.88;499.16;252334.6;1.97;473
2;0;2;D;0;3.61;777.76;1119.96;447.08;94.67;499.03;376939.09;1.96;631
2;0;2;E;0;3.61;916.85;1240.79;444.46;89.62;499.1;298499.73;1.96;535
2;0;2;F;0;3.61;920.58;1256.27;492.06;92.87;499.25;239671.26;1.97;401
2;0;2;G;0;3.61;991.7;1307.33;497.62;87.32;499.24;210905.4;1.97;409
2;1;0;A;3;6.35;647.66;1572.52;627.52;145.69;621.41;202140.62;1.99;0
2;1;0;B;3;6.35;647.66;1572.52;627.52;145.69;621.41;202140.62;1.99;0
2;1;0;C;0;6.35;647.66;1572.52;627.52;145.69;621.41;202140.62;1.99;78
2;1;0;D;0;6.35;866.43;1794.84;671.63;146.25;620.08;260235.69;1.98;115
2;1;0;E;0;6.35;790.89;1777.39;744.79;155.4;621.46;241968.52;1.99;77
2;1;0;F;0;6.35;724.41;1617.32;630.54;140.66;619.84;294548.33;1.98;126
2;1;0;G;0;6.35;733.65;1644.12;613.85;143.43;619.13;489177.04;1.97;176
2;1;1;A;3;5.58;985.58;1644.64;737.18;118.15;773.98;77776.77;2.01;0
2;1;1;B;3;5.58;985.58;1644.64;737.18;118.15;773.98;77776.77;2.01;0
2;1;1;C;3;5.58;985.58;1644.64;737.18;118.15;773.98;77776.77;2.01;0
2;1;1;D;3;5.58;985.58;1644.64;737.18;118.15;773.98;77776.77;2.01;0
2;1;1;E;3;5.58;985.58;1644.64;737.18;118.15;773.98;77776.77;2.01;0
2;1;1;F;3;5.58;985.58;1644.64;737.18;118.15;773.98;77776.77;2.01;0
2;1;1;G;0;5.58;985.58;1644.64;737.18;118.15;773.98;77776.77;2.01;52
2;1;2;A;0;2.46;661.43;886.83;358.7;91.72;526.92;33203.22;1.99;85
2;1;2;B;0;2.46;873.68;1087.19;505.15;86.88;527.4;26647.91;1.99;74
2;1;2;C;0;2.46;861.67;1063.33;431.16;82.05;524.89;74546.29;1.97;237
2;1;2;D;0;2.46;909.4;1120.9;441.94;86.06;524.64;105268.05;1.97;305
2;1;2;E;0;2.46;997.82;1207.38;511.91;85.27;524.82;77637.65;1.97;252
2;1;2;F;0;2.46;1128.01;1351.7;481.55;91.02;525.56;84858.94;1.98;148
2;1;2;G;0;2.46;1062.47;1277.57;534.01;87.53;525.36;77621.63;1.97;167
2;2;0;A;3;7.07;520.54;1397.7;648.5;124.05;581.71;314761.62;1.97;0
2;2;0;B;3;7.07;520.54;1397.7;648.5;124.05;581.71;314761.62;1.97;0
2;2;0;C;0;7.07;520.54;1397.7;648.5;124.05;581.71;314761.62;1.97;169
2;2;0;D;0;7.07;499.7;1325.72;564.3;116.81;582.15;158394.37;1.98;135
2;2;0;E;0;7.07;635.32;1518.25;609.54;124.86;580.9;606367.11;1.97;314
2;2;0;F;0;7.07;539.92;1426.66;579.22;125.4;581.9;245556.52;1.98;152
2;2;0;G;0;7.07;512.86;1361.62;597.24;120.03;582.99;142874.91;1.98;98
2;2;1;A;3;3.57;1013.71;1359.42;552.38;96.85;595.72;91908.16;1.98;0
2;2;1;B;3;3.57;1013.71;1359.42;552.38;96.85;595.72;91908.16;1.98;0
2;2;1;C;3;3.57;1013.71;1359.42;552.38;96.85;595.72;91908.16;1.98;0
2;2;1;D;3;3.57;1013.71;1359.42;552.38;96.85;595.72;91908.16;1.98;0
2;2;1;E;0;3.57;1013.71;1359.42;552.38;96.85;595.72;91908.16;1.98;127
2;2;1;F;0;3.57;1143.68;1510.12;524.43;102.66;595.97;78193.77;1.98;115
2;2;1;G;0;3.57;1113.93;1463.32;572.63;97.88;596.09;48757.46;1.98;110
2;2;2;A;0;3.58;579.79;916.15;405.41;94.04;510.19;394749.71;1.96;1369
2;2;2;B;0;3.58;682.98;1034.73;432.44;98.35;510.23;448441.59;1.96;1138
2;2;2;C;0;3.58;693.7;1031.78;418.08;94.52;510.08;1169194.34;1.96;3578
2;2;2;D;0;3.58;788.66;1126.47;430.6;94.45;510.08;1217162.62;1.96;3608
2;2;2;E;0;3.58;911.14;1247.76;476.01;94.12;510.08;1321335.68;1.96;3547
2;2;2;F;0;3.58;1007.99;1339.36;527.92;92.65;510.15;718144.78;1.96;1848
2;2;2;G;0;3.58;997.59;1326.95;537.24;92.09;510.23;418777.45;1.96;1170
2;3;0;A;3;5.27;591.53;1333.4;622.93;140.71;618.19;192444.79;1.98;0
2;3;0;B;3;5.27;591.53;1333.4;622.93;140.71;618.19;192444.79;1.98;0
2;3;0;C;0;5.27;591.53;1333.4;622.93;140.71;618.19;192444.79;1.98;120
2;3;0;D;0;5.27;680.92;1414.08;586.72;139.06;616.95;365190.26;1.97;229
2;3;0;E;0;5.27;904.7;1653.54;586.18;142.03;620.62;122997.94;2;63
2;3;0;F;2;5.27;904.7;1653.54;586.18;142.03;620.62;122997.94;2;0
2;3;0;G;2;5.27;904.7;1653.54;586.18;142.03;620.62;122997.94;2;0
2;3;1;A;3;5.95;533.87;1265.18;410.14;123;456.52;89280;2.01;0
2;3;1;B;3;5.95;533.87;1265.18;410.14;123;456.52;89280;2.01;0
2;3;1;C;0;5.95;533.87;1265.18;410.14;123;456.52;89280;2.01;53
2;3;1;D;0;5.95;712.93;1417.77;476.88;118.55;454.58;83815.03;1.99;93
2;3;1;E;2;5.95;712.93;1417.77;476.88;118.55;454.58;83815.03;1.99;0
2;3;1;F;2;5.95;712.93;1417.77;476.88;118.55;454.58;83815.03;1.99;0
2;3;1;G;2;5.95;712.93;1417.77;476.88;118.55;454.58;83815.03;1.99;0
2;3;2;A;0;4.2;560.3;992.99;431.1;102.98;476.13;308517.52;1.96;827
2;3;2;B;0;4.2;584.29;1014.32;377.72;102.34;476.15;322608.23;1.96;789
2;3;2;C;0;4.2;651.85;1072.06;399.02;100.01;475.95;852513.85;1.96;2196
2;3;2;D;0;4.2;786.57;1206.97;462.25;100.05;476.01;528648.93;1.96;1458
2;3;2;E;0;4.2;853.03;1282.22;496.14;102.14;476.25;236252;1.96;588
2;3;2;F;0;4.2;935.79;1352.54;471.12;99.18;476.99;73717.09;1.97;209
2;3;2;G;0;4.2;966.33;1387.95;585.91;100.34;477.96;44569.66;1.98;114
2;4;0;A;3;8.37;153.05;1344.62;632.56;142.4;592.62;144546.8;1.99;0
2;4;0;B;0;8.37;153.05;1344.62;632.56;142.4;592.62;144546.8;1.99;70
2;4;0;C;0;8.37;234.15;1425.94;644.89;142.43;589.17;577462.37;1.97;345
2;4;0;D;2;8.37;234.15;1425.94;644.89;142.43;589.17;577462.37;1.97;0
2;4;0;E;2;8.37;234.15;1425.94;644.89;142.43;589.17;577462.37;1.97;0
2;4;0;F;2;8.37;234.15;1425.94;644.89;142.43;589.17;577462.37;1.97;0
2;4;0;G;2;8.37;234.15;1425.94;644.89;142.43;589.17;577462.37;1.97;0
2;4;1;A;3;5.21;431.96;1044.99;470.87;117.6;557.29;65425.08;2;0
2;4;1;B;0;5.21;431.96;1044.99;470.87;117.6;557.29;65425.08;2;63
2;4;1;C;0;5.21;712.75;1386.1;526.35;129.18;553.41;368905.37;1.97;435
2;4;1;D;2;5.21;712.75;1386.1;526.35;129.18;553.41;368905.37;1.97;0
2;4;1;E;2;5.21;712.75;1386.1;526.35;129.18;553.41;368905.37;1.97;0
2;4;1;F;2;5.21;712.75;1386.1;526.35;129.18;553.41;368905.37;1.97;0
2;4;1;G;2;5.21;712.75;1386.1;526.35;129.18;553.41;368905.37;1.97;0
2;4;2;A;0;4.35;489.49;897.63;358.11;93.72;454.97;49241.28;1.97;175
2;4;2;B;0;4.35;593.24;1011.34;390.15;96.01;453.82;423737.93;1.96;1388
2;4;2;C;0;4.35;710.8;1141.68;418.24;98.94;453.73;1058276.91;1.96;3394
2;4;2;D;0;4.35;835.43;1271.07;500.31;100.04;454.41;119220.6;1.97;304
2;4;2;E;0;4.35;958.71;1366.11;549.74;93.55;457.03;26111.07;2;69
2;4;2;F;2;4.35;958.71;1366.11;549.74;93.55;457.03;26111.07;2;0
2;4;2;G;2;4.35;958.71;1366.11;549.74;93.55;457.03;26111.07;2;0
2;5;0;A;3;1.76;942.58;1212.09;553.2;153.43;604.23;62722.51;2.01;0
2;5;0;B;0;1.76;942.58;1212.09;553.2;153.43;604.23;62722.51;2.01;51
2;5;0;C;2;1.76;942.58;1212.09;553.2;153.43;604.23;62722.51;2.01;0
2;5;0;D;2;1.76;942.58;1212.09;553.2;153.43;604.23;62722.51;2.01;0
2;5;0;E;2;1.76;942.58;1212.09;553.2;153.43;604.23;62722.51;2.01;0
2;5;0;F;2;1.76;942.58;1212.09;553.2;153.43;604.23;62722.51;2.01;0
2;5;0;G;2;1.76;942.58;1212.09;553.2;153.43;604.23;62722.51;2.01;0
2;5;1;A;3;0;1143.49;1143.49;392.9;136.63;367.56;29268.78;1.98;0
2;5;1;B;0;0;1143.49;1143.49;392.9;136.63;367.56;29268.78;1.98;98
2;5;1;C;2;0;1143.49;1143.49;392.9;136.63;367.56;29268.78;1.98;0
2;5;1;D;2;0;1143.49;1143.49;392.9;136.63;367.56;29268.78;1.98;0
2;5;1;E;2;0;1143.49;1143.49;392.9;136.63;367.56;29268.78;1.98;0
2;5;1;F;2;0;1143.49;1143.49;392.9;136.63;367.56;29268.78;1.98;0
2;5;1;G;2;0;1143.49;1143.49;392.9;136.63;367.56;29268.78;1.98;0
2;5;2;A;0;2.41;642.5;867.35;343.43;93.38;345.58;19046.37;1.98;120
2;5;2;B;0;2.41;681.94;904.51;303.31;92.44;344.85;38840.87;1.97;239
2;5;2;C;2;2.41;681.94;904.51;303.31;92.44;344.85;38840.87;1.97;0
2;5;2;D;2;2.41;681.94;904.51;303.31;92.44;344.85;38840.87;1.97;0
2;5;2;E;2;2.41;681.94;904.51;303.31;92.44;344.85;38840.87;1.97;0
2;5;2;F;2;2.41;681.94;904.51;303.31;92.44;344.85;38840.87;1.97;0
2;5;2;G;2;2.41;681.94;904.51;303.31;92.44;344.85;38840.87;1.97;0
2;6;0;A;5;0.66;758.06;823.3;361.61;98.33;350.37;11129.33;2;0
2;6;0;B;5;0.66;756.98;822.08;303.67;98.12;349.61;24282.52;1.98;0
2;6;0;C;5;0.66;756.98;822.08;303.67;98.12;349.61;24282.52;1.98;0
2;6;0;D;5;0.66;756.98;822.08;303.67;98.12;349.61;24282.52;1.98;0
2;6;0;E;5;0.66;756.98;822.08;303.67;98.12;349.61;24282.52;1.98;0
2;6;0;F;5;0.66;756.98;822.08;303.67;98.12;349.61;24282.52;1.98;0
2;6;0;G;5;0.66;756.98;822.08;303.67;98.12;349.61;24282.52;1.98;0
2;6;1;A;3;4.1;605.97;1156.79;357.64;134.41;380.62;39081.51;1.98;0
2;6;1;B;0;4.1;605.97;1156.79;357.64;134.41;380.62;39081.51;1.98;97
2;6;1;C;2;4.1;605.97;1156.79;357.64;134.41;380.62;39081.51;1.98;0
2;6;1;D;2;4.1;605.97;1156.79;357.64;134.41;380.62;39081.51;1.98;0
2;6;1;E;2;4.1;605.97;1156.79;357.64;134.41;380.62;39081.51;1.98;0
2;6;1;F;2;4.1;605.97;1156.79;357.64;134.41;380.62;39081.51;1.98;0
2;6;1;G;2;4.1;605.97;1156.79;357.64;134.41;380.62;39081.51;1.98;0
2;6;2;A;0;0.66;758.06;823.3;361.61;98.33;350.37;11129.33;2;69
2;6;2;B;0;0.66;756.98;822.08;303.67;98.12;349.61;24282.52;1.98;97
2;6;2;C;2;0.66;756.98;822.08;303.67;98.12;349.61;24282.52;1.98;0
2;6;2;D;2;0.66;756.98;822.08;303.67;98.12;349.61;24282.52;1.98;0
2;6;2;E;2;0.66;756.98;822.08;303.67;98.12;349.61;24282.52;1.98;0
2;6;2;F;2;0.66;756.98;822.08;303.67;98.12;349.61;24282.52;1.98;0
2;6;2;G;2;0.66;756.98;822.08;303.67;98.12;349.61;24282.52;1.98;0
2;7;0;A;0;3.72;505.47;1101.91;373.08;160.31;381.67;78965.08;2;61
2;7;0;B;2;3.72;505.47;1101.91;373.08;160.31;381.67;78965.08;2;0
2;7;0;C;2;3.72;505.47;1101.91;373.08;160.31;381.67;78965.08;2;0
2;7;0;D;2;3.72;505.47;1101.91;373.08;160.31;381.67;78965.08;2;0
2;7;0;E;2;3.72;505.47;1101.91;373.08;160.31;381.67;78965.08;2;0
2;7;0;F;2;3.72;505.47;1101.91;373.08;160.31;381.67;78965.08;2;0
2;7;0;G;2;3.72;505.47;1101.91;373.08;160.31;381.67;78965.08;2;0
2;7;1;A;0;3.71;404.67;1061.58;361.66;177.09;270.3;516610.21;1.98;103
2;7;1;B;2;3.71;404.67;1061.58;361.66;177.09;270.3;516610.21;1.98;0
2;7;1;C;2;3.71;404.67;1061.58;361.66;177.09;270.3;516610.21;1.98;0
2;7;1;D;2;3.71;404.67;1061.58;361.66;177.09;270.3;516610.21;1.98;0
2;7;1;E;2;3.71;404.67;1061.58;361.66;177.09;270.3;516610.21;1.98;0
2;7;1;F;2;3.71;404.67;1061.58;361.66;177.09;270.3;516610.21;1.98;0
2;7;1;G;2;3.71;404.67;1061.58;361.66;177.09;270.3;516610.21;1.98;0
2;7;2;A;0;2.64;544.32;864.95;310.11;121.37;331.85;300728.15;1.96;634
2;7;2;B;2;2.64;544.32;864.95;310.11;121.37;331.85;300728.15;1.96;0
2;7;2;C;2;2.64;544.32;864.95;310.11;121.37;331.85;300728.15;1.96;0
2;7;2;D;2;2.64;544.32;864.95;310.11;121.37;331.85;300728.15;1.96;0
2;7;2;E;2;2.64;544.32;864.95;310.11;121.37;331.85;300728.15;1.96;0
2;7;2;F;2;2.64;544.32;864.95;310.11;121.37;331.85;300728.15;1.96;0
2;7;2;G;2;2.64;544.32;864.95;310.11;121.37;331.85;300728.15;1.96;0
2;8;0;A;0;3.48;482.86;1042.26;442.71;160.87;452.77;173145.58;1.99;85
2;8;0;B;2;3.48;482.86;1042.26;442.71;160.87;452.77;173145.58;1.99;0
2;8;0;C;2;3.48;482.86;1042.26;442.71;160.87;452.77;173145.58;1.99;0
2;8;0;D;2;3.48;482.86;1042.26;442.71;160.87;452.77;173145.58;1.99;0
2;8;0;E;2;3.48;482.86;1042.26;442.71;160.87;452.77;173145.58;1.99;0
2;8;0;F;2;3.48;482.86;1042.26;442.71;160.87;452.77;173145.58;1.99;0
2;8;0;G;2;3.48;482.86;1042.26;442.71;160.87;452.77;173145.58;1.99;0
2;8;1;A;0;2.48;628.66;1032.64;384.36;162.84;397.7;493391.71;1.97;206
2;8;1;B;2;2.48;628.66;1032.64;384.36;162.84;397.7;493391.71;1.97;0
2;8;1;C;2;2.48;628.66;1032.64;384.36;162.84;397.7;493391.71;1.97;0
2;8;1;D;2;2.48;628.66;1032.64;384.36;162.84;397.7;493391.71;1.97;0
2;8;1;E;2;2.48;628.66;1032.64;384.36;162.84;397.7;493391.71;1.97;0
2;8;1;F;2;2.48;628.66;1032.64;384.36;162.84;397.7;493391.71;1.97;0
2;8;1;G;2;2.48;628.66;1032.64;384.36;162.84;397.7;493391.71;1.97;0
2;8;2;A;0;1.61;642.12;849.32;329.77;128.91;355.76;675590.39;1.96;883
2;8;2;B;2;1.61;642.12;849.32;329.77;128.91;355.76;675590.39;1.96;0
2;8;2;C;2;1.61;642.12;849.32;329.77;128.91;355.76;675590.39;1.96;0
2;8;2;D;2;1.61;642.12;849.32;329.77;128.91;355.76;675590.39;1.96;0
2;8;2;E;2;1.61;642.12;849.32;329.77;128.91;355.76;675590.39;1.96;0
2;8;2;F;2;1.61;642.12;849.32;329.77;128.91;355.76;675590.39;1.96;0
2;8;2;G;2;1.61;642.12;849.32;329.77;128.91;355.76;675590.39;1.96;0
2;9;0;A;0;4.39;182.99;865.5;336.13;155.42;339.44;77401.96;1.99;90
2;9;0;B;2;4.39;182.99;865.5;336.13;155.42;339.44;77401.96;1.99;0
2;9;0;C;2;4.39;182.99;865.5;336.13;155.42;339.44;77401.96;1.99;0
2;9;0;D;2;4.39;182.99;865.5;336.13;155.42;339.44;77401.96;1.99;0
2;9;0;E;2;4.39;182.99;865.5;336.13;155.42;339.44;77401.96;1.99;0
2;9;0;F;2;4.39;182.99;865.5;336.13;155.42;339.44;77401.96;1.99;0
2;9;0;G;2;4.39;182.99;865.5;336.13;155.42;339.44;77401.96;1.99;0
2;9;1;A;0;3.7;299.86;823.08;356.35;141.6;347.03;248101.56;1.98;131
2;9;1;B;2;3.7;299.86;823.08;356.35;141.6;347.03;248101.56;1.98;0
2;9;1;C;2;3.7;299.86;823.08;356.35;141.6;347.03;248101.56;1.98;0
2;9;1;D;2;3.7;299.86;823.08;356.35;141.6;347.03;248101.56;1.98;0
2;9;1;E;2;3.7;299.86;823.08;356.35;141.6;347.03;248101.56;1.98;0
2;9;1;F;2;3.7;299.86;823.08;356.35;141.6;347.03;248101.56;1.98;0
2;9;1;G;2;3.7;299.86;823.08;356.35;141.6;347.03;248101.56;1.98;0
2;9;2;A;0;0;772.94;772.94;355.56;114.47;385.89;160254.27;1.97;354
2;9;2;B;2;0;772.94;772.94;355.56;114.47;385.89;160254.27;1.97;0
2;9;2;C;2;0;772.94;772.94;355.56;114.47;385.89;160254.27;1.97;0
2;9;2;D;2;0;772.94;772.94;355.56;114.47;385.89;160254.27;1.97;0
2;9;2;E;2;0;772.94;772.94;355.56;114.47;385.89;160254.27;1.97;0
2;9;2;F;2;0;772.94;772.94;355.56;114.47;385.89;160254.27;1.97;0
2;9;2;G;2;0;772.94;772.94;355.56;114.47;385.89;160254.27;1.97;0
2;10;0;A;0;4.51;215.21;910.4;360.54;154.04;360.27;1225897.34;1.96;1221
2;10;0;B;2;4.51;215.21;910.4;360.54;154.04;360.27;1225897.34;1.96;0
2;10;0;C;2;4.51;215.21;910.4;360.54;154.04;360.27;1225897.34;1.96;0
2;10;0;D;2;4.51;215.21;910.4;360.54;154.04;360.27;1225897.34;1.96;0
2;10;0;E;2;4.51;215.21;910.4;360.54;154.04;360.27;1225897.34;1.96;0
2;10;0;F;2;4.51;215.21;910.4;360.54;154.04;360.27;1225897.34;1.96;0
2;10;0;G;2;4.51;215.21;910.4;360.54;154.04;360.27;1225897.34;1.96;0
2;10;1;A;0;5.33;31.27;756.21;348.77;135.99;336.21;106526.99;1.98;113
2;10;1;B;2;5.33;31.27;756.21;348.77;135.99;336.21;106526.99;1.98;0
2;10;1;C;2;5.33;31.27;756.21;348.77;135.99;336.21;106526.99;1.98;0
2;10;1;D;2;5.33;31.27;756.21;348.77;135.99;336.21;106526.99;1.98;0
2;10;1;E;2;5.33;31.27;756.21;348.77;135.99;336.21;106526.99;1.98;0
2;10;1;F;2;5.33;31.27;756.21;348.77;135.99;336.21;106526.99;1.98;0
2;10;1;G;2;5.33;31.27;756.21;348.77;135.99;336.21;106526.99;1.98;0
2;10;2;A;0;2.09;389.99;611.45;248.83;106.21;269.74;29926.46;1.98;147
2;10;2;B;2;2.09;389.99;611.45;248.83;106.21;269.74;29926.46;1.98;0
2;10;2;C;2;2.09;389.99;611.45;248.83;106.21;269.74;29926.46;1.98;0
2;10;2;D;2;2.09;389.99;611.45;248.83;106.21;269.74;29926.46;1.98;0
2;10;2;E;2;2.09;389.99;611.45;248.83;106.21;269.74;29926.46;1.98;0
2;10;2;F;2;2.09;389.99;611.45;248.83;106.21;269.74;29926.46;1.98;0
2;10;2;G;2;2.09;389.99;611.45;248.83;106.21;269.74;29926.46;1.98;0
3;0;0;A;3;6.9;535.15;1342.48;652.55;116.93;586.19;253540.51;1.98;0
3;0;0;B;3;6.9;535.15;1342.48;652.55;116.93;586.19;253540.51;1.98;0
3;0;0;C;0;6.9;535.15;1342.48;652.55;116.93;586.19;253540.51;1.98;101
3;0;0;D;0;6.9;583.92;1424.88;587.15;121.8;584.93;499070.04;1.97;176
3;0;0;E;0;6.9;661.3;1519.8;695.96;124.34;585.85;353097.66;1.98;114
3;0;0;F;0;6.9;598.37;1480.91;703.81;127.82;585.26;506943.4;1.98;147
3;0;0;G;0;6.9;616.52;1480.57;664.31;125.15;584.48;724879.9;1.97;240
3;0;1;A;3;6.76;404.93;1140.12;602.34;108.79;646.89;98223.52;2;0
3;0;1;B;3;6.76;404.93;1140.12;602.34;108.79;646.89;98223.52;2;0
3;0;1;C;3;6.76;404.93;1140.12;602.34;108.79;646.89;98223.52;2;0
3;0;1;D;0;6.76;404.93;1140.12;602.34;108.79;646.89;98223.52;2;58
3;0;1;E;0;6.76;614.45;1324.21;719.17;105.03;646.18;143119.94;2;66
3;0;1;F;0;6.76;702.59;1470.82;598.57;113.68;646.43;183133.65;2;63
3;0;1;G;0;6.76;741.16;1465.05;658.08;107.12;643.37;249905.83;1.98;149
3;0;2;A;0;3.73;595.83;900.84;432.45;81.88;515.4;318403.95;1.96;797
3;0;2;B;0;3.73;658.56;957.14;385.45;80.15;515.48;303221.09;1.96;644
3;0;2;C;0;3.73;704.49;1021.95;449.12;85.22;515.34;418008.84;1.96;958
3;0;2;D;0;3.73;722.43;1049.73;437.42;87.86;515.24;960813.4;1.96;1553
3;0;2;E;0;3.73;820.85;1151.56;489.74;88.77;515.34;714541.37;1.96;991
3;0;2;F;0;3.73;895.92;1224.12;509.04;88.1;515.36;598926.52;1.96;893
3;0;2;G;0;3.73;972.3;1295.81;542;86.84;515.37;629647.93;1.96;888
3;1;0;A;3;6.99;571.51;1348.98;611.27;111.16;611.6;115293.53;2;0
3;1;0;B;3;6.99;571.51;1348.98;611.27;111.16;611.6;115293.53;2;0
3;1;0;C;0;6.99;571.51;1348.98;611.27;111.16;611.6;115293.53;2;55
3;1;0;D;0;6.99;732.37;1619.72;675.21;126.87;608.91;264055.36;1.98;103
3;1;0;E;0;6.99;653.17;1531.76;607.62;125.62;610.63;102335.53;2;66
3;1;0;F;0;6.99;716.27;1720.76;597.37;143.62;608.97;308489.7;1.98;101
3;1;0;G;0;6.99;750.1;1724.67;690.62;139.35;608.22;345178.09;1.98;133
3;1;1;A;3;4.68;1086.03;1664.42;676.9;123.46;696.99;182488.88;1.99;0
3;1;1;B;3;4.68;1086.03;1664.42;676.9;123.46;696.99;182488.88;1.99;0
3;1;1;C;3;4.68;1086.03;1664.42;676.9;123.46;696.99;182488.88;1.99;0
3;1;1;D;3;4.68;1086.03;1664.42;676.9;123.46;696.99;182488.88;1.99;0
3;1;1;E;3;4.68;1086.03;1664.42;676.9;123.46;696.99;182488.88;1.99;0
3;1;1;F;3;4.68;1086.03;1664.42;676.9;123.46;696.99;182488.88;1.99;0
3;1;1;G;0;4.68;1086.03;1664.42;676.9;123.46;696.99;182488.88;1.99;76
3;1;2;A;0;3.02;669.98;931.7;395.92;86.62;503.08;71184.78;1.97;258
3;1;2;B;0;3.02;732.65;997.29;380.14;87.59;503.38;76378.04;1.97;198
3;1;2;C;0;3.02;731.6;997.53;415.96;88.01;502.53;241661.89;1.96;596
3;1;2;D;0;3.02;785.3;1050.26;449.56;87.69;502.39;362691.64;1.96;881
3;1;2;E;0;3.02;935.78;1209.39;482.45;90.56;502.58;334250.3;1.96;528
3;1;2;F;0;3.02;997.8;1258.55;479.74;86.3;502.9;111478.53;1.97;317
3;1;2;G;0;3.02;1075.59;1333.22;493.87;85.27;502.89;90490.42;1.97;320
3;2;0;A;3;6.64;476.28;1176.48;504.58;105.39;574.07;207237.67;1.97;0
3;2;0;B;3;6.64;476.28;1176.48;504.58;105.39;574.07;207237.67;1.97;0
3;2;0;C;0;6.64;476.28;1176.48;504.58;105.39;574.07;207237.67;1.97;233
3;2;0;D;0;6.64;573.44;1305.9;558.24;110.25;574.13;251151.94;1.97;223
3;2;0;E;0;6.64;608.84;1348.17;562.34;111.28;573.69;325478.06;1.97;335
3;2;0;F;0;6.64;705.62;1445.86;616.83;111.42;574.63;230671.28;1.97;161
3;2;0;G;0;6.64;580.46;1298.36;612.38;108.06;575.01;129095.52;1.98;133
3;2;1;A;3;6.99;447.99;1087.63;465.98;91.57;549.47;43789.43;1.98;0
3;2;1;B;3;6.99;447.99;1087.63;465.98;91.57;549.47;43789.43;1.98;0
3;2;1;C;0;6.99;447.99;1087.63;465.98;91.57;549.47;43789.43;1.98;112
3;2;1;D;0;6.99;529.7;1170.08;494.1;91.68;549.03;54037.76;1.98;136
3;2;1;E;0;6.99;582.53;1268.19;512.87;98.16;548.7;186333.83;1.97;162
3;2;1;F;0;6.99;737.09;1464.81;529.02;104.18;548.98;130470.5;1.98;139
3;2;1;G;0;6.99;748.59;1405.91;592.26;94.1;549.34;77246.78;1.98;118
3;2;2;A;0;3.97;546.44;914.72;407.72;92.72;499.39;947451.77;1.96;3736
3;2;2;B;0;3.97;626.44;993.6;383.61;92.44;499.41;835763.13;1.96;2835
3;2;2;C;0;3.97;655.2;1018.78;414.51;91.53;499.35;2391015.06;1.96;9086
3;2;2;D;0;3.97;746.06;1109.75;443.82;91.56;499.35;2272712.67;1.96;7694
3;2;2;E;0;3.97;865.75;1230.85;481.1;91.92;499.36;1893569;1.96;5832
3;2;2;F;0;3.97;964.86;1324.8;515.5;90.62;499.41;813354;1.96;2885
3;2;2;G;0;3.97;968.85;1330.75;548.8;91.11;499.48;493134.59;1.96;1560
3;3;0;A;3;7.46;330.95;1189.49;451.38;115.07;532.31;28398.64;2;0
3;3;0;B;0;7.46;330.95;1189.49;451.38;115.07;532.31;28398.64;2;69
3;3;0;C;0;7.46;344.95;1246.88;511.12;120.89;529;329922.64;1.97;430
3;3;0;D;0;7.46;452.98;1382.39;543.68;124.57;528.98;374902.37;1.97;443
3;3;0;E;0;7.46;419.13;1358.38;549.5;125.89;530.1;172869.15;1.98;156
3;3;0;F;2;7.46;419.13;1358.38;549.5;125.89;530.1;172869.15;1.98;0
3;3;0;G;2;7.46;419.13;1358.38;549.5;125.89;530.1;172869.15;1.98;0
3;3;1;A;0;5.31;431.93;1045.59;422.27;115.65;540.95;16111.96;1.98;114
3;3;1;B;0;5.31;440.89;1090.57;358.96;122.44;540.61;68644.71;1.98;133
3;3;1;C;0;5.31;669.72;1300.34;470.71;118.84;538.77;319816.08;1.96;1232
3;3;1;D;0;5.31;802.52;1450.56;519.12;122.13;538.97;223595.16;1.96;651
3;3;1;E;0;5.31;843.04;1477.84;554.64;119.63;539.33;137287.05;1.97;349
3;3;1;F;0;5.31;933.81;1529.22;535.42;112.21;542.39;41273.88;1.99;72
3;3;1;G;2;5.31;933.81;1529.22;535.42;112.21;542.39;41273.88;1.99;0
3;3;2;A;0;4.75;468.51;963.61;393.12;104.24;479.08;1386698.5;1.96;4723
3;3;2;B;0;4.75;508.56;1002.58;398.33;104.02;479.09;1363293.86;1.96;4186
3;3;2;C;0;4.75;618.98;1119.2;434.5;105.32;479.04;5002419.94;1.96;15208
3;3;2;D;0;4.75;724.48;1225.76;460.41;105.55;479.06;2469132.15;1.96;7941
3;3;2;E;0;4.75;786.13;1276.99;469.26;103.35;479.1;870795.12;1.96;3130
3;3;2;F;0;4.75;865.31;1351.34;504.86;102.34;479.29;212981.44;1.96;931
3;3;2;G;0;4.75;857.73;1340.47;483.63;101.64;479.83;78581.25;1.97;301
3;4;0;A;3;8.11;140.1;1051.79;418.9;112.47;488.24;133619.62;1.98;0
3;4;0;B;0;8.11;140.1;1051.79;418.9;112.47;488.24;133619.62;1.98;159
3;4;0;C;0;8.11;192.06;1147.82;514.02;117.91;486.99;697611.2;1.96;805
3;4;0;D;0;8.11;260.8;1232.22;521.71;119.84;488.05;110554.35;1.97;181
3;4;0;E;2;8.11;260.8;1232.22;521.71;119.84;488.05;110554.35;1.97;0
3;4;0;F;2;8.11;260.8;1232.22;521.71;119.84;488.05;110554.35;1.97;0
3;4;0;G;2;8.11;260.8;1232.22;521.71;119.84;488.05;110554.35;1.97;0
3;4;1;A;0;7.76;43.5;872.02;441.68;106.72;474.28;52527.79;1.99;78
3;4;1;B;0;7.76;156.93;994.18;376.01;107.84;471.53;260770.59;1.96;695
3;4;1;C;0;7.76;277.92;1188.64;466.52;117.31;471.25;1813101.38;1.96;4070
3;4;1;D;0;7.76;350.46;1247.91;479.24;115.6;471.57;236880.51;1.96;617
3;4;1;E;0;7.76;381.7;1295.5;492.17;117.7;473.66;42708.33;1.98;97
3;4;1;F;2;7.76;381.7;1295.5;492.17;117.7;473.66;42708.33;1.98;0
3;4;1;G;2;7.76;381.7;1295.5;492.17;117.7;473.66;42708.33;1.98;0
3;4;2;A;0;5.88;310.31;898.65;381.79;100.08;446.6;558244.32;1.96;1524
3;4;2;B;0;5.88;376.97;933.96;379.43;94.74;446.48;2403941.8;1.96;9111
3;4;2;C;0;5.88;468.04;1056.2;420.8;100.04;446.46;6952801.54;1.96;24878
3;4;2;D;0;5.88;561.71;1182.76;461.38;105.64;446.51;1151350.06;1.96;3753
3;4;2;E;0;5.88;694.12;1306.85;504.69;104.22;447.05;111693.89;1.97;378
3;4;2;F;2;5.88;694.12;1306.85;504.69;104.22;447.05;111693.89;1.97;0
3;4;2;G;2;5.88;694.12;1306.85;504.69;104.22;447.05;111693.89;1.97;0
3;5;0;A;3;4.45;488.25;1072.09;441;131.34;432.23;137993.89;1.99;0
3;5;0;B;0;4.45;488.25;1072.09;441;131.34;432.23;137993.89;1.99;71
3;5;0;C;2;4.45;488.25;1072.09;441;131.34;432.23;137993.89;1.99;0
3;5;0;D;2;4.45;488.25;1072.09;441;131.34;432.23;137993.89;1.99;0
3;5;0;E;2;4.45;488.25;1072.09;441;131.34;432.23;137993.89;1.99;0
3;5;0;F;2;4.45;488.25;1072.09;441;131.34;432.23;137993.89;1.99;0
3;5;0;G;2;4.45;488.25;1072.09;441;131.34;432.23;137993.89;1.99;0
3;5;1;A;3;6.36;279.09;1046.27;378.82;120.65;388.19;205467.05;1.97;0
3;5;1;B;0;6.36;279.09;1046.27;378.82;120.65;388.19;205467.05;1.97;340
3;5;1;C;0;6.36;346.26;1142.07;476.23;125.15;390.68;99938.46;2;65
3;5;1;D;2;6.36;346.26;1142.07;476.23;125.15;390.68;99938.46;2;0
3;5;1;E;2;6.36;346.26;1142.07;476.23;125.15;390.68;99938.46;2;0
3;5;1;F;2;6.36;346.26;1142.07;476.23;125.15;390.68;99938.46;2;0
3;5;1;G;2;6.36;346.26;1142.07;476.23;125.15;390.68;99938.46;2;0
3;5;2;A;0;3.95;451.31;814.85;318.55;92.1;353.06;204930.38;1.96;719
3;5;2;B;0;3.95;469.9;837.35;332.93;93.09;352.89;468472.22;1.96;2229
3;5;2;C;0;3.95;486.58;856.14;330.31;93.63;353.58;87112.12;1.97;232
3;5;2;D;2;3.95;486.58;856.14;330.31;93.63;353.58;87112.12;1.97;0
3;5;2;E;2;3.95;486.58;856.14;330.31;93.63;353.58;87112.12;1.97;0
3;5;2;F;2;3.95;486.58;856.14;330.31;93.63;353.58;87112.12;1.97;0
3;5;2;G;2;3.95;486.58;856.14;330.31;93.63;353.58;87112.12;1.97;0
3;6;0;A;3;7.08;141.88;1099.8;484.42;135.38;458.12;71210.18;2;0
3;6;0;B;0;7.08;141.88;1099.8;484.42;135.38;458.12;71210.18;2;60
3;6;0;C;2;7.08;141.88;1099.8;484.42;135.38;458.12;71210.18;2;0
3;6;0;D;2;7.08;141.88;1099.8;484.42;135.38;458.12;71210.18;2;0
3;6;0;E;2;7.08;141.88;1099.8;484.42;135.38;458.12;71210.18;2;0
3;6;0;F;2;7.08;141.88;1099.8;484.42;135.38;458.12;71210.18;2;0
3;6;0;G;2;7.08;141.88;1099.8;484.42;135.38;458.12;71210.18;2;0
3;6;1;A;0;2.7;546.63;868.17;336.74;119.14;398.25;8262.57;1.99;70
3;6;1;B;0;2.7;696.48;1020.6;397.83;120.1;396.67;123939.52;1.98;152
3;6;1;C;2;2.7;696.48;1020.6;397.83;120.1;396.67;123939.52;1.98;0
3;6;1;D;2;2.7;696.48;1020.6;397.83;120.1;396.67;123939.52;1.98;0
3;6;1;E;2;2.7;696.48;1020.6;397.83;120.1;396.67;123939.52;1.98;0
3;6;1;F;2;2.7;696.48;1020.6;397.83;120.1;396.67;123939.52;1.98;0
3;6;1;G;2;2.7;696.48;1020.6;397.83;120.1;396.67;123939.52;1.98;0
3;6;2;A;0;4.25;378.69;796.82;321.55;98.31;353.36;202240.29;1.96;707
3;6;2;B;0;4.25;408.44;825.02;332.72;97.95;353.32;233702.81;1.96;843
3;6;2;C;0;4.25;511.99;914.93;392.82;94.74;355.23;17720.31;1.99;85
3;6;2;D;2;4.25;511.99;914.93;392.82;94.74;355.23;17720.31;1.99;0
3;6;2;E;2;4.25;511.99;914.93;392.82;94.74;355.23;17720.31;1.99;0
3;6;2;F;2;4.25;511.99;914.93;392.82;94.74;355.23;17720.31;1.99;0
3;6;2;G;2;4.25;511.99;914.93;392.82;94.74;355.23;17720.31;1.99;0
3;7;0;A;0;6.03;177.13;1012.79;461.17;138.49;439.28;120523.49;1.99;86
3;7;0;B;2;6.03;177.13;1012.79;461.17;138.49;439.28;120523.49;1.99;0
3;7;0;C;2;6.03;177.13;1012.79;461.17;138.49;439.28;120523.49;1.99;0
3;7;0;D;2;6.03;177.13;1012.79;461.17;138.49;439.28;120523.49;1.99;0
3;7;0;E;2;6.03;177.13;1012.79;461.17;138.49;439.28;120523.49;1.99;0
3;7;0;F;2;6.03;177.13;1012.79;461.17;138.49;439.28;120523.49;1.99;0
3;7;0;G;2;6.03;177.13;1012.79;461.17;138.49;439.28;120523.49;1.99;0
3;7;1;A;0;5.42;257.2;982.67;414.01;133.79;423.66;107597.31;1.98;153
3;7;1;B;2;5.42;257.2;982.67;414.01;133.79;423.66;107597.31;1.98;0
3;7;1;C;2;5.42;257.2;982.67;414.01;133.79;423.66;107597.31;1.98;0
3;7;1;D;2;5.42;257.2;982.67;414.01;133.79;423.66;107597.31;1.98;0
3;7;1;E;2;5.42;257.2;982.67;414.01;133.79;423.66;107597.31;1.98;0
3;7;1;F;2;5.42;257.2;982.67;414.01;133.79;423.66;107597.31;1.98;0
3;7;1;G;2;5.42;257.2;982.67;414.01;133.79;423.66;107597.31;1.98;0
3;7;2;A;0;3.49;432.81;825.04;337.02;112.47;355.71;657170.04;1.96;1712
3;7;2;B;0;3.49;463.76;847.57;305.37;110.05;356.59;78360.55;1.97;182
3;7;2;C;2;3.49;463.76;847.57;305.37;110.05;356.59;78360.55;1.97;0
3;7;2;D;2;3.49;463.76;847.57;305.37;110.05;356.59;78360.55;1.97;0
3;7;2;E;2;3.49;463.76;847.57;305.37;110.05;356.59;78360.55;1.97;0
3;7;2;F;2;3.49;463.76;847.57;305.37;110.05;356.59;78360.55;1.97;0
3;7;2;G;2;3.49;463.76;847.57;305.37;110.05;356.59;78360.55;1.97;0
3;8;0;A;0;4.08;311.05;858.47;412.3;134.09;413.25;237474.68;1.98;149
3;8;0;B;2;4.08;311.05;858.47;412.3;134.09;413.25;237474.68;1.98;0
3;8;0;C;2;4.08;311.05;858.47;412.3;134.09;413.25;237474.68;1.98;0
3;8;0;D;2;4.08;311.05;858.47;412.3;134.09;413.25;237474.68;1.98;0
3;8;0;E;2;4.08;311.05;858.47;412.3;134.09;413.25;237474.68;1.98;0
3;8;0;F;2;4.08;311.05;858.47;412.3;134.09;413.25;237474.68;1.98;0
3;8;0;G;2;4.08;311.05;858.47;412.3;134.09;413.25;237474.68;1.98;0
3;8;1;A;0;1.51;693.5;886.37;315.36;127.53;340.36;195508.11;1.97;217
3;8;1;B;2;1.51;693.5;886.37;315.36;127.53;340.36;195508.11;1.97;0
3;8;1;C;2;1.51;693.5;886.37;315.36;127.53;340.36;195508.11;1.97;0
3;8;1;D;2;1.51;693.5;886.37;315.36;127.53;340.36;195508.11;1.97;0
3;8;1;E;2;1.51;693.5;886.37;315.36;127.53;340.36;195508.11;1.97;0
3;8;1;F;2;1.51;693.5;886.37;315.36;127.53;340.36;195508.11;1.97;0
3;8;1;G;2;1.51;693.5;886.37;315.36;127.53;340.36;195508.11;1.97;0
3;8;2;A;0;3.19;466.89;859.24;348.78;122.99;369.8;1444204.54;1.96;2371
3;8;2;B;2;3.19;466.89;859.24;348.78;122.99;369.8;1444204.54;1.96;0
3;8;2;C;2;3.19;466.89;859.24;348.78;122.99;369.8;1444204.54;1.96;0
3;8;2;D;2;3.19;466.89;859.24;348.78;122.99;369.8;1444204.54;1.96;0
3;8;2;E;2;3.19;466.89;859.24;348.78;122.99;369.8;1444204.54;1.96;0
3;8;2;F;2;3.19;466.89;859.24;348.78;122.99;369.8;1444204.54;1.96;0
3;8;2;G;2;3.19;466.89;859.24;348.78;122.99;369.8;1444204.54;1.96;0
3;9;0;A;0;6.22;35.79;816.12;376.91;125.55;362.29;124901.58;1.98;152
3;9;0;B;2;6.22;35.79;816.12;376.91;125.55;362.29;124901.58;1.98;0
3;9;0;C;2;6.22;35.79;816.12;376.91;125.55;362.29;124901.58;1.98;0
3;9;0;D;2;6.22;35.79;816.12;376.91;125.55;362.29;124901.58;1.98;0
3;9;0;E;2;6.22;35.79;816.12;376.91;125.55;362.29;124901.58;1.98;0
3;9;0;F;2;6.22;35.79;816.12;376.91;125.55;362.29;124901.58;1.98;0
3;9;0;G;2;6.22;35.79;816.12;376.91;125.55;362.29;124901.58;1.98;0
3;9;1;A;0;3.17;368.53;755.18;334.25;122.13;356.96;178941.64;1.97;411
3;9;1;B;2;3.17;368.53;755.18;334.25;122.13;356.96;178941.64;1.97;0
3;9;1;C;2;3.17;368.53;755.18;334.25;122.13;356.96;178941.64;1.97;0
3;9;1;D;2;3.17;368.53;755.18;334.25;122.13;356.96;178941.64;1.97;0
3;9;1;E;2;3.17;368.53;755.18;334.25;122.13;356.96;178941.64;1.97;0
3;9;1;F;2;3.17;368.53;755.18;334.25;122.13;356.96;178941.64;1.97;0
3;9;1;G;2;3.17;368.53;755.18;334.25;122.13;356.96;178941.64;1.97;0
3;9;2;A;0;3.17;343.92;704.38;304.36;113.67;325.24;418270.33;1.96;1248
3;9;2;B;2;3.17;343.92;704.38;304.36;113.67;325.24;418270.33;1.96;0
3;9;2;C;2;3.17;343.92;704.38;304.36;113.67;325.24;418270.33;1.96;0
3;9;2;D;2;3.17;343.92;704.38;304.36;113.67;325.24;418270.33;1.96;0
3;9;2;E;2;3.17;343.92;704.38;304.36;113.67;325.24;418270.33;1.96;0
3;9;2;F;2;3.17;343.92;704.38;304.36;113.67;325.24;418270.33;1.96;0
3;9;2;G;2;3.17;343.92;704.38;304.36;113.67;325.24;418270.33;1.96;0
3;10;0;A;0;4.94;111.29;746.55;321.63;128.62;324.1;1414199.75;1.96;2336
3;10;0;B;2;4.94;111.29;746.55;321.63;128.62;324.1;1414199.75;1.96;0
3;10;0;C;2;4.94;111.29;746.55;321.63;128.62;324.1;1414199.75;1.96;0
3;10;0;D;2;4.94;111.29;746.55;321.63;128.62;324.1;1414199.75;1.96;0
3;10;0;E;2;4.94;111.29;746.55;321.63;128.62;324.1;1414199.75;1.96;0
3;10;0;F;2;4.94;111.29;746.55;321.63;128.62;324.1;1414199.75;1.96;0
3;10;0;G;2;4.94;111.29;746.55;321.63;128.62;324.1;1414199.75;1.96;0
3;10;1;A;0;5.08;69.39;672.09;292.88;118.65;299.72;222318.37;1.96;572
3;10;1;B;2;5.08;69.39;672.09;292.88;118.65;299.72;222318.37;1.96;0
3;10;1;C;2;5.08;69.39;672.09;292.88;118.65;299.72;222318.37;1.96;0
3;10;1;D;2;5.08;69.39;672.09;292.88;118.65;299.72;222318.37;1.96;0
3;10;1;E;2;5.08;69.39;672.09;292.88;118.65;299.72;222318.37;1.96;0
3;10;1;F;2;5.08;69.39;672.09;292.88;118.65;299.72;222318.37;1.96;0
3;10;1;G;2;5.08;69.39;672.09;292.88;118.65;299.72;222318.37;1.96;0
3;10;2;A;0;2.87;300.02;614.02;294.08;109.49;316.38;185679.63;1.96;743
3;10;2;B;2;2.87;300.02;614.02;294.08;109.49;316.38;185679.63;1.96;0
3;10;2;C;2;2.87;300.02;614.02;294.08;109.49;316.38;185679.63;1.96;0
3;10;2;D;2;2.87;300.02;614.02;294.08;109.49;316.38;185679.63;1.96;0
3;10;2;E;2;2.87;300.02;614.02;294.08;109.49;316.38;185679.63;1.96;0
3;10;2;F;2;2.87;300.02;614.02;294.08;109.49;316.38;185679.63;1.96;0
3;10;2;G;2;2.87;300.02;614.02;294.08;109.49;316.38;185679.63;1.96;0
4;0;0;A;0;6.58;191.24;971.03;694.98;118.45;595.29;387085.27;1.98;110
4;0;0;B;0;6.58;278.76;993.95;599.15;108.64;595.94;212514.49;1.99;89
4;0;0;C;0;6.58;345.22;1093.53;590.97;113.67;593.14;1415756.32;1.96;501
4;0;0;D;0;6.58;443.02;1219.71;643.88;117.98;593.36;1007635.9;1.97;365
4;0;0;E;0;6.58;489.15;1301.77;667.52;123.44;593.27;1375801.6;1.97;412
4;0;0;F;0;6.58;485.55;1373.91;706.3;134.95;593.15;2061329.53;1.96;497
4;0;0;G;0;6.58;432.31;1194.36;667.7;115.76;593.41;1154723.03;1.97;345
4;0;1;A;0;6.04;269.44;919.89;572.84;107.64;591.82;208514.49;1.99;89
4;0;1;B;0;6.04;382.99;997.23;611.2;101.65;591.3;163595.96;1.98;105
4;0;1;C;0;6.04;403.5;999.58;601.51;98.64;589.42;682254.05;1.97;305
4;0;1;D;0;6.04;378.45;945.41;518.43;93.82;589.35;662571.74;1.97;328
4;0;1;E;0;6.04;549.93;1210.79;646.14;109.36;589.44;793270.73;1.97;297
4;0;1;F;0;6.04;613.36;1291.71;638.71;112.26;589.16;1133266.79;1.97;413
4;0;1;G;0;6.04;597.62;1232.87;612.63;105.13;589.24;944587.06;1.97;372
4;0;2;A;0;4.02;456.77;776.14;391.48;79.48;471.92;855280.14;1.96;2691
4;0;2;B;0;4.02;531.51;855.29;432.55;80.58;471.97;718968.96;1.96;1651
4;0;2;C;0;4.02;526.07;864.08;424.01;84.13;471.88;2221801.35;1.96;4407
4;0;2;D;0;4.02;580.57;916.18;423.25;83.53;471.89;1931744.79;1.96;3903
4;0;2;E;0;4.02;630.75;979.46;440.21;86.79;471.91;1664699.85;1.96;3102
4;0;2;F;0;4.02;686.45;1028.91;477.88;85.23;471.96;1016458.6;1.96;1833
4;0;2;G;0;4.02;743.18;1090.95;536.35;86.55;472.07;706128.31;1.96;973
4;1;0;A;3;7.27;253.04;1099.19;548.34;116.39;584.36;455795.34;1.97;0
4;1;0;B;3;7.27;253.04;1099.19;548.34;116.39;584.36;455795.34;1.97;0
4;1;0;C;0;7.27;253.04;1099.19;548.34;116.39;584.36;455795.34;1.97;241
4;1;0;D;0;7.27;366.27;1288.46;653.82;126.85;584.67;427526.62;1.97;192
4;1;0;E;0;7.27;423.44;1344.4;624.22;126.68;584.45;465464.96;1.97;225
4;1;0;F;0;7.27;429.97;1352.73;662.99;126.93;584.33;599146.69;1.97;248
4;1;0;G;0;7.27;385.01;1267.56;659.87;121.4;584.6;448984.32;1.97;202
4;1;1;A;3;6.67;289.12;994.41;401.71;105.72;629.01;76196.08;2.01;0
4;1;1;B;3;6.67;289.12;994.41;401.71;105.72;629.01;76196.08;2.01;0
4;1;1;C;0;6.67;289.12;994.41;401.71;105.72;629.01;76196.08;2.01;50
4;1;1;D;0;6.67;384.56;1109.45;670.4;108.66;626.44;184826.44;1.99;82
4;1;1;E;0;6.67;601.37;1313.57;687.75;106.76;624.75;206256.49;1.98;144
4;1;1;F;0;6.67;544.31;1330.74;618.69;117.88;624.29;377452.56;1.97;181
4;1;1;G;0;6.67;541.64;1283.66;628.86;111.23;624.86;193981.99;1.98;137
4;1;2;A;0;4.07;441.76;784.7;405.52;84.22;472.38;378826.15;1.96;1180
4;1;2;B;0;4.07;417.11;771.12;390.53;86.94;472.7;150984.27;1.97;454
4;1;2;C;0;4.07;512.77;846.23;407.05;81.89;472.27;814830.61;1.96;2444
4;1;2;D;0;4.07;548.78;900.91;423.65;86.48;472.27;884785.46;1.96;2571
4;1;2;E;0;4.07;649.93;1002.49;461.45;86.58;472.34;726737.95;1.96;1457
4;1;2;F;0;4.07;719.77;1053.73;479.63;82.02;472.42;265844.77;1.96;959
4;1;2;G;0;4.07;752.19;1082.01;513.39;81;472.86;106135;1.97;345
4;2;0;A;0;7.8;55.11;831.41;502.9;99.52;520.18;137541.96;1.99;96
4;2;0;B;0;7.8;103.07;889.92;531.41;100.87;520.47;57207.61;1.99;87
4;2;0;C;0;7.8;208.18;995.38;486.18;100.92;517.94;365738.57;1.96;515
4;2;0;D;0;7.8;281.91;1065.33;496.77;100.43;517.88;413870.41;1.96;588
4;2;0;E;0;7.8;320.82;1161.94;539.38;107.83;517.89;651810.72;1.96;578
4;2;0;F;0;7.8;357.08;1225.53;586.52;111.34;518.83;267715.89;1.97;188
4;2;0;G;0;7.8;380.6;1172.66;556.13;101.54;518.9;104710.44;1.97;179
4;2;1;A;3;6.44;248.95;969.3;448.43;111.87;510.68;40584.74;1.98;0
4;2;1;B;0;6.44;248.95;969.3;448.43;111.87;510.68;40584.74;1.98;128
4;2;1;C;0;6.44;349.24;944.72;449.12;92.47;509.39;115072.77;1.97;356
4;2;1;D;0;6.44;425.34;1012.97;439.74;91.26;509.38;208892.42;1.97;359
4;2;1;E;0;6.44;516.64;1141.87;486.37;97.1;509.17;347195.43;1.96;504
4;2;1;F;0;6.44;612.12;1271.81;593.55;102.45;510.38;114041.07;1.98;150
4;2;1;G;0;6.44;486.26;1099.93;532.81;95.3;509.95;125978;1.97;200
4;2;2;A;0;3.94;430.39;789.93;376.66;91.31;462.25;2334005.76;1.96;10863
4;2;2;B;0;3.94;495.93;852.61;394.75;90.58;462.27;1495370.14;1.96;7005
4;2;2;C;0;3.94;531.61;886.42;396.89;90.11;462.24;4923921.56;1.96;21249
4;2;2;D;0;3.94;639.77;998.45;432.33;91.09;462.25;4629924.02;1.96;17053
4;2;2;E;0;3.94;713.23;1069.31;458.69;90.43;462.26;2826748.66;1.96;9902
4;2;2;F;0;3.94;747.47;1103.26;474.99;90.36;462.31;933540.42;1.96;3061
4;2;2;G;0;3.94;732.6;1086.19;507.95;89.8;462.38;452785.27;1.96;1632
4;3;0;A;0;7.79;-6.17;831.96;435.31;107.55;527.8;33363.23;1.99;94
4;3;0;B;0;7.79;136.75;1059.02;533.15;118.35;526.43;120334.95;1.97;180
4;3;0;C;0;7.79;174.05;1092.01;487.11;117.8;525.19;664497.27;1.96;1157
4;3;0;D;0;7.79;224.81;1188.77;543.16;123.7;525.33;520063.18;1.96;702
4;3;0;E;0;7.79;310.99;1271.97;608.33;123.32;526.75;101108.07;1.98;148
4;3;0;F;2;7.79;310.99;1271.97;608.33;123.32;526.75;101108.07;1.98;0
4;3;0;G;2;7.79;310.99;1271.97;608.33;123.32;526.75;101108.07;1.98;0
4;3;1;A;0;4.48;393.86;913.61;417.28;115.96;531.44;81920.24;1.97;380
4;3;1;B;0;4.48;410.91;953.75;402.58;121.11;531.46;105475.71;1.97;373
4;3;1;C;0;4.48;585.24;1119.26;472.73;119.14;530.81;955505.45;1.96;3768
4;3;1;D;0;4.48;732.63;1274.31;511.55;120.85;530.92;541153.4;1.96;1476
4;3;1;E;0;4.48;777.7;1320.46;561.8;121.09;531.51;143852.25;1.97;349
4;3;1;F;0;4.48;867.29;1363.97;650.05;110.81;534.47;48755.32;1.99;73
4;3;1;G;2;4.48;867.29;1363.97;650.05;110.81;534.47;48755.32;1.99;0
4;3;2;A;0;4.2;397.63;836.57;387.92;104.4;460.46;3446271.09;1.96;12767
4;3;2;B;0;4.2;443.41;882.62;390.78;104.46;460.46;3010467.54;1.96;10269
4;3;2;C;0;4.2;529.11;975.53;427.13;106.18;460.45;9556215.44;1.96;34411
4;3;2;D;0;4.2;625.64;1073.83;441.94;106.6;460.46;3325989.6;1.96;12579
4;3;2;E;0;4.2;691.74;1123.66;448.28;102.73;460.5;861644.02;1.96;3728
4;3;2;F;0;4.2;720.31;1156.05;473.69;103.63;460.77;211459.58;1.96;705
4;3;2;G;0;4.2;702.38;1125.68;518.11;100.68;461.29;67206.2;1.97;275
4;4;0;A;0;7.09;65.01;788.46;448;102.11;477.16;63774.9;1.99;91
4;4;0;B;0;7.09;130.24;894.67;442.2;107.89;474.92;353981.67;1.96;569
4;4;0;C;0;7.09;157.68;988.69;489.71;117.29;474.64;1479961.98;1.96;1810
4;4;0;D;0;7.09;179.13;996.41;456.57;115.35;475.31;151377.88;1.97;297
4;4;0;E;2;7.09;179.13;996.41;456.57;115.35;475.31;151377.88;1.97;0
4;4;0;F;2;7.09;179.13;996.41;456.57;115.35;475.31;151377.88;1.97;0
4;4;0;G;2;7.09;179.13;996.41;456.57;115.35;475.31;151377.88;1.97;0
4;4;1;A;0;7.05;59.69;758.83;388.08;99.2;466.82;190372.79;1.96;475
4;4;1;B;0;7.05;103.74;860.8;391.67;107.41;466.4;967420.78;1.96;3259
4;4;1;C;0;7.05;184.33;1002.64;460.68;116.11;466.35;2981877.93;1.96;8135
4;4;1;D;0;7.05;228.68;1029.38;480.92;113.61;466.56;433402.55;1.96;1000
4;4;1;E;0;7.05;253.84;1020.88;452.27;108.83;468.06;42973.11;1.98;136
4;4;1;F;2;7.05;253.84;1020.88;452.27;108.83;468.06;42973.11;1.98;0
4;4;1;G;2;7.05;253.84;1020.88;452.27;108.83;468.06;42973.11;1.98;0
4;4;2;A;0;5.21;246.18;749.58;372.06;96.71;442.44;2101191;1.96;7331
4;4;2;B;0;5.21;315.14;814.88;387.66;96.01;442.42;6961111.12;1.96;27572
4;4;2;C;0;5.21;373.34;896.27;424.34;100.46;442.42;12866516.71;1.96;46645
4;4;2;D;0;5.21;477.25;1028.62;465.33;105.93;442.47;1355629.6;1.96;4180
4;4;2;E;0;5.21;583.35;1130.74;497.52;105.16;443.25;109162.75;1.97;267
4;4;2;F;2;5.21;583.35;1130.74;497.52;105.16;443.25;109162.75;1.97;0
4;4;2;G;2;5.21;583.35;1130.74;497.52;105.16;443.25;109162.75;1.97;0
4;5;0;A;0;7.14;66.59;919.08;457.18;119.34;428.21;70077.22;2;68
4;5;0;B;0;7.14;74.48;911.45;455.21;117.17;425.98;234926.06;1.97;218
4;5;0;C;2;7.14;74.48;911.45;455.21;117.17;425.98;234926.06;1.97;0
4;5;0;D;2;7.14;74.48;911.45;455.21;117.17;425.98;234926.06;1.97;0
4;5;0;E;2;7.14;74.48;911.45;455.21;117.17;425.98;234926.06;1.97;0
4;5;0;F;2;7.14;74.48;911.45;455.21;117.17;425.98;234926.06;1.97;0
4;5;0;G;2;7.14;74.48;911.45;455.21;117.17;425.98;234926.06;1.97;0
4;5;1;A;0;5.75;198.48;845.39;374.49;112.6;412.2;81051.32;1.97;197
4;5;1;B;0;5.75;268.34;959;397.82;120.21;411.37;621110.32;1.96;903
4;5;1;C;0;5.75;316.36;1033.28;492.33;124.79;412.93;134063.66;1.98;117
4;5;1;D;2;5.75;316.36;1033.28;492.33;124.79;412.93;134063.66;1.98;0
4;5;1;E;2;5.75;316.36;1033.28;492.33;124.79;412.93;134063.66;1.98;0
4;5;1;F;2;5.75;316.36;1033.28;492.33;124.79;412.93;134063.66;1.98;0
4;5;1;G;2;5.75;316.36;1033.28;492.33;124.79;412.93;134063.66;1.98;0
4;5;2;A;0;3.66;355.22;687.98;331.45;90.94;360.49;465140.89;1.96;2880
4;5;2;B;0;3.66;377.02;714.57;333.19;92.25;360.47;873607.21;1.96;5004
4;5;2;C;0;3.66;433.82;762.87;376.1;89.93;360.98;134875.41;1.97;332
4;5;2;D;2;3.66;433.82;762.87;376.1;89.93;360.98;134875.41;1.97;0
4;5;2;E;2;3.66;433.82;762.87;376.1;89.93;360.98;134875.41;1.97;0
4;5;2;F;2;3.66;433.82;762.87;376.1;89.93;360.98;134875.41;1.97;0
4;5;2;G;2;3.66;433.82;762.87;376.1;89.93;360.98;134875.41;1.97;0
4;6;0;A;0;7.23;-23.62;856.68;462.01;121.71;461.74;141041.65;1.99;85
4;6;0;B;0;7.23;45.65;907.8;490.56;119.2;460.15;177029.32;1.97;198
4;6;0;C;2;7.23;45.65;907.8;490.56;119.2;460.15;177029.32;1.97;0
4;6;0;D;2;7.23;45.65;907.8;490.56;119.2;460.15;177029.32;1.97;0
4;6;0;E;2;7.23;45.65;907.8;490.56;119.2;460.15;177029.32;1.97;0
4;6;0;F;2;7.23;45.65;907.8;490.56;119.2;460.15;177029.32;1.97;0
4;6;0;G;2;7.23;45.65;907.8;490.56;119.2;460.15;177029.32;1.97;0
4;6;1;A;0;4.14;259.9;768.01;361.53;122.58;395.12;81956.35;1.97;339
4;6;1;B;0;4.14;401.93;908.93;379.35;122.32;395.13;242187.69;1.97;331
4;6;1;C;2;4.14;401.93;908.93;379.35;122.32;395.13;242187.69;1.97;0
4;6;1;D;2;4.14;401.93;908.93;379.35;122.32;395.13;242187.69;1.97;0
4;6;1;E;2;4.14;401.93;908.93;379.35;122.32;395.13;242187.69;1.97;0
4;6;1;F;2;4.14;401.93;908.93;379.35;122.32;395.13;242187.69;1.97;0
4;6;1;G;2;4.14;401.93;908.93;379.35;122.32;395.13;242187.69;1.97;0
4;6;2;A;0;3.14;370.63;674.43;334.87;96.89;366.39;638107.78;1.96;3222
4;6;2;B;0;3.14;409.87;709.1;343.58;95.43;366.43;375961.63;1.96;1965
4;6;2;C;0;3.14;506.99;809.32;349.82;96.42;367.47;25737.79;1.97;163
4;6;2;D;2;3.14;506.99;809.32;349.82;96.42;367.47;25737.79;1.97;0
4;6;2;E;2;3.14;506.99;809.32;349.82;96.42;367.47;25737.79;1.97;0
4;6;2;F;2;3.14;506.99;809.32;349.82;96.42;367.47;25737.79;1.97;0
4;6;2;G;2;3.14;506.99;809.32;349.82;96.42;367.47;25737.79;1.97;0
4;7;0;A;0;6.79;-56.67;798.73;416.56;126.01;376.46;396302.97;1.97;338
4;7;0;B;2;6.79;-56.67;798.73;416.56;126.01;376.46;396302.97;1.97;0
4;7;0;C;2;6.79;-56.67;798.73;416.56;126.01;376.46;396302.97;1.97;0
4;7;0;D;2;6.79;-56.67;798.73;416.56;126.01;376.46;396302.97;1.97;0
4;7;0;E;2;6.79;-56.67;798.73;416.56;126.01;376.46;396302.97;1.97;0
4;7;0;F;2;6.79;-56.67;798.73;416.56;126.01;376.46;396302.97;1.97;0
4;7;0;G;2;6.79;-56.67;798.73;416.56;126.01;376.46;396302.97;1.97;0
4;7;1;A;0;5.2;125.77;769.24;401.61;123.86;416.34;305726.12;1.96;545
4;7;1;B;2;5.2;125.77;769.24;401.61;123.86;416.34;305726.12;1.96;0
4;7;1;C;2;5.2;125.77;769.24;401.61;123.86;416.34;305726.12;1.96;0
4;7;1;D;2;5.2;125.77;769.24;401.61;123.86;416.34;305726.12;1.96;0
4;7;1;E;2;5.2;125.77;769.24;401.61;123.86;416.34;305726.12;1.96;0
4;7;1;F;2;5.2;125.77;769.24;401.61;123.86;416.34;305726.12;1.96;0
4;7;1;G;2;5.2;125.77;769.24;401.61;123.86;416.34;305726.12;1.96;0
4;7;2;A;0;3.36;338.14;698.66;335.88;107.32;363.68;1765122.23;1.96;6143
4;7;2;B;0;3.36;375.45;721.85;366.97;103.11;364.13;127419.33;1.97;378
4;7;2;C;1;3.36;506;853.95;377.56;103.57;365.48;67068.63;1.98;0
4;7;2;D;0;3.36;636.55;986.05;388.15;104.03;366.82;6717.93;2;59
4;7;2;E;2;3.36;636.55;986.05;388.15;104.03;366.82;6717.93;2;0
4;7;2;F;2;3.36;636.55;986.05;388.15;104.03;366.82;6717.93;2;0
4;7;2;G;2;3.36;636.55;986.05;388.15;104.03;366.82;6717.93;2;0
4;8;0;A;0;5.01;145.42;768;359.46;124.28;349.19;486131.85;1.97;462
4;8;0;B;2;5.01;145.42;768;359.46;124.28;349.19;486131.85;1.97;0
4;8;0;C;2;5.01;145.42;768;359.46;124.28;349.19;486131.85;1.97;0
4;8;0;D;2;5.01;145.42;768;359.46;124.28;349.19;486131.85;1.97;0
4;8;0;E;2;5.01;145.42;768;359.46;124.28;349.19;486131.85;1.97;0
4;8;0;F;2;5.01;145.42;768;359.46;124.28;349.19;486131.85;1.97;0
4;8;0;G;2;5.01;145.42;768;359.46;124.28;349.19;486131.85;1.97;0
4;8;1;A;0;2.92;392.97;767.12;353.06;128.03;373.96;554119.18;1.96;706
4;8;1;B;2;2.92;392.97;767.12;353.06;128.03;373.96;554119.18;1.96;0
4;8;1;C;2;2.92;392.97;767.12;353.06;128.03;373.96;554119.18;1.96;0
4;8;1;D;2;2.92;392.97;767.12;353.06;128.03;373.96;554119.18;1.96;0
4;8;1;E;2;2.92;392.97;767.12;353.06;128.03;373.96;554119.18;1.96;0
4;8;1;F;2;2.92;392.97;767.12;353.06;128.03;373.96;554119.18;1.96;0
4;8;1;G;2;2.92;392.97;767.12;353.06;128.03;373.96;554119.18;1.96;0
4;8;2;A;0;2.47;446.44;737.73;360.39;118.05;388.11;3151985.83;1.96;6460
4;8;2;B;0;2.47;479.96;733.09;408.59;102.58;391.86;21858.87;2.01;53
4;8;2;C;2;2.47;479.96;733.09;408.59;102.58;391.86;21858.87;2.01;0
4;8;2;D;2;2.47;479.96;733.09;408.59;102.58;391.86;21858.87;2.01;0
4;8;2;E;2;2.47;479.96;733.09;408.59;102.58;391.86;21858.87;2.01;0
4;8;2;F;2;2.47;479.96;733.09;408.59;102.58;391.86;21858.87;2.01;0
4;8;2;G;2;2.47;479.96;733.09;408.59;102.58;391.86;21858.87;2.01;0
4;9;0;A;0;4.3;148.63;654.65;326.89;117.73;335.11;292132.5;1.97;442
4;9;0;B;2;4.3;148.63;654.65;326.89;117.73;335.11;292132.5;1.97;0
4;9;0;C;2;4.3;148.63;654.65;326.89;117.73;335.11;292132.5;1.97;0
4;9;0;D;2;4.3;148.63;654.65;326.89;117.73;335.11;292132.5;1.97;0
4;9;0;E;2;4.3;148.63;654.65;326.89;117.73;335.11;292132.5;1.97;0
4;9;0;F;2;4.3;148.63;654.65;326.89;117.73;335.11;292132.5;1.97;0
4;9;0;G;2;4.3;148.63;654.65;326.89;117.73;335.11;292132.5;1.97;0
4;9;1;A;0;3.8;189.82;650.92;333.14;121.47;352.22;565236.22;1.96;1295
4;9;1;B;2;3.8;189.82;650.92;333.14;121.47;352.22;565236.22;1.96;0
4;9;1;C;2;3.8;189.82;650.92;333.14;121.47;352.22;565236.22;1.96;0
4;9;1;D;2;3.8;189.82;650.92;333.14;121.47;352.22;565236.22;1.96;0
4;9;1;E;2;3.8;189.82;650.92;333.14;121.47;352.22;565236.22;1.96;0
4;9;1;F;2;3.8;189.82;650.92;333.14;121.47;352.22;565236.22;1.96;0
4;9;1;G;2;3.8;189.82;650.92;333.14;121.47;352.22;565236.22;1.96;0
4;9;2;A;0;2.4;359.4;626.67;313.18;111.51;338.16;843790.86;1.96;3045
4;9;2;B;1;2.4;330.06;599.22;316.55;112.3;339.43;426409.16;1.98;0
4;9;2;C;0;2.4;300.72;571.77;319.92;113.09;340.7;9027.46;2;67
4;9;2;D;2;2.4;300.72;571.77;319.92;113.09;340.7;9027.46;2;0
4;9;2;E;2;2.4;300.72;571.77;319.92;113.09;340.7;9027.46;2;0
4;9;2;F;2;2.4;300.72;571.77;319.92;113.09;340.7;9027.46;2;0
4;9;2;G;2;2.4;300.72;571.77;319.92;113.09;340.7;9027.46;2;0
4;10;0;A;0;4.54;51.55;613.93;305.03;123.91;308.95;3481867.26;1.96;5763
4;10;0;B;2;4.54;51.55;613.93;305.03;123.91;308.95;3481867.26;1.96;0
4;10;0;C;2;4.54;51.55;613.93;305.03;123.91;308.95;3481867.26;1.96;0
4;10;0;D;2;4.54;51.55;613.93;305.03;123.91;308.95;3481867.26;1.96;0
4;10;0;E;2;4.54;51.55;613.93;305.03;123.91;308.95;3481867.26;1.96;0
4;10;0;F;2;4.54;51.55;613.93;305.03;123.91;308.95;3481867.26;1.96;0
4;10;0;G;2;4.54;51.55;613.93;305.03;123.91;308.95;3481867.26;1.96;0
4;10;1;A;0;3.06;222.66;579.45;284.1;116.46;302.55;525557.98;1.96;1426
4;10;1;B;2;3.06;222.66;579.45;284.1;116.46;302.55;525557.98;1.96;0
4;10;1;C;2;3.06;222.66;579.45;284.1;116.46;302.55;525557.98;1.96;0
4;10;1;D;2;3.06;222.66;579.45;284.1;116.46;302.55;525557.98;1.96;0
4;10;1;E;2;3.06;222.66;579.45;284.1;116.46;302.55;525557.98;1.96;0
4;10;1;F;2;3.06;222.66;579.45;284.1;116.46;302.55;525557.98;1.96;0
4;10;1;G;2;3.06;222.66;579.45;284.1;116.46;302.55;525557.98;1.96;0
4;10;2;A;0;3.25;201.23;558.22;292.24;109.95;314.15;335947.39;1.96;1681
4;10;2;B;2;3.25;201.23;558.22;292.24;109.95;314.15;335947.39;1.96;0
4;10;2;C;2;3.25;201.23;558.22;292.24;109.95;314.15;335947.39;1.96;0
4;10;2;D;2;3.25;201.23;558.22;292.24;109.95;314.15;335947.39;1.96;0
4;10;2;E;2;3.25;201.23;558.22;292.24;109.95;314.15;335947.39;1.96;0
4;10;2;F;2;3.25;201.23;558.22;292.24;109.95;314.15;335947.39;1.96;0
4;10;2;G;2;3.25;201.23;558.22;292.24;109.95;314.15;335947.39;1.96;0
5;0;0;A;0;6.18;150.49;574.7;432.21;68.69;525.99;696946.63;1.96;608
5;0;0;B;0;6.18;236.09;692.8;435.66;73.95;526.37;385153.21;1.97;325
5;0;0;C;0;6.18;304.58;777.93;515.04;76.64;525.92;1050867.64;1.96;714
5;0;0;D;0;6.18;370.25;879.39;515.98;82.44;526.06;809673.36;1.96;525
5;0;0;E;0;6.18;485.62;1049.3;578.3;91.27;526.4;468413.31;1.97;311
5;0;0;F;0;6.18;521.42;1132.61;603.36;98.96;526.53;517173.63;1.97;271
5;0;0;G;0;6.18;459.76;1055.09;604.09;96.39;527.03;328426.99;1.97;180
5;0;1;A;0;6.06;183.77;552.34;428.84;60.85;512.49;1074545.46;1.96;1199
5;0;1;B;0;6.06;265.24;663.36;435.96;65.73;512.53;1030555.39;1.96;1002
5;0;1;C;0;6.06;316.65;717.48;469.67;66.18;512.39;2192252.58;1.96;2344
5;0;1;D;0;6.06;389.32;799.44;501.93;67.72;512.41;1762757.2;1.96;2001
5;0;1;E;0;6.06;473.32;919.22;520.29;73.62;512.47;1281417.57;1.96;1309
5;0;1;F;0;6.06;507.31;984.52;515.27;78.79;512.54;1154635.44;1.96;972
5;0;1;G;0;6.06;489.61;983.99;579.03;81.63;512.56;1062757.54;1.96;923
5;0;2;A;0;5.42;281.58;669.87;418.43;71.65;480.43;1161556.87;1.96;2258
5;0;2;B;0;5.42;340.68;722.01;420.14;70.37;480.4;1685408.63;1.96;3237
5;0;2;C;0;5.42;386.1;751.36;446.95;67.41;480.36;3146044.1;1.96;6223
5;0;2;D;0;5.42;456.02;829.69;476.95;68.96;480.4;1537299.18;1.96;2950
5;0;2;E;0;5.42;482.21;880.91;475.23;73.58;480.47;1046291.99;1.96;1670
5;0;2;F;0;5.42;513.45;910.06;512.91;73.19;480.54;587240.71;1.96;1105
5;0;2;G;0;5.42;495.5;893.62;521.26;73.47;480.71;409518.92;1.96;622
5;1;0;A;0;6.92;223.28;655.3;581.24;62.44;543.75;219216.58;1.97;197
5;1;0;B;0;6.92;203.75;701.73;404.42;71.98;544.58;84320.93;1.98;124
5;1;0;C;0;6.92;292.35;839;464.12;79.01;543.28;386368.97;1.97;295
5;1;0;D;0;6.92;353.69;900.93;538.04;79.1;543.33;182720.41;1.97;281
5;1;0;E;0;6.92;436.22;1011.54;558.3;83.15;543.72;177092.22;1.97;201
5;1;0;F;0;6.92;489.78;1113.43;578.65;90.14;544.16;161244.1;1.98;152
5;1;0;G;0;6.92;363.27;997.63;525.37;91.69;544.82;118166.06;1.98;112
5;1;1;A;0;6.77;219.38;659.41;467.29;64.97;562.27;279945.72;1.97;351
5;1;1;B;0;6.77;275.24;702.15;463.3;63.03;562.07;195163.45;1.97;465
5;1;1;C;0;6.77;354.08;813.17;502.96;67.79;561.72;543708.21;1.96;1106
5;1;1;D;0;6.77;395.44;881.13;527.75;71.71;561.68;633859.22;1.96;1261
5;1;1;E;0;6.77;491.64;1002.22;558.02;75.39;561.79;472962.31;1.96;844
5;1;1;F;0;6.77;504.15;1044.84;544.76;79.84;561.82;526306.91;1.96;777
5;1;1;G;0;6.77;465.73;988.59;577.3;77.2;561.86;348790.12;1.96;708
5;1;2;A;0;4.89;330.54;702.23;455.03;76.06;476.99;281843.73;1.96;571
5;1;2;B;0;4.89;404.05;736.29;397.74;67.99;476.96;239411.94;1.96;607
5;1;2;C;0;4.89;447.73;769.56;412.42;65.86;476.71;643034.55;1.96;1673
5;1;2;D;0;4.89;519.1;845.46;442.47;66.79;476.76;485085.21;1.96;1221
5;1;2;E;0;4.89;547.47;883.68;497.21;68.8;476.95;250173.28;1.96;622
5;1;2;F;0;4.89;543.64;886.71;470.21;70.21;477.12;151503.42;1.97;436
5;1;2;G;0;4.89;578.84;934.32;546.62;72.74;477.54;120190.93;1.97;247
5;2;0;A;0;7.09;48.24;668.29;440.23;87.45;481.06;223929.36;1.98;143
5;2;0;B;0;7.09;176.28;654.11;388.46;67.39;481.62;61873.67;1.98;108
5;2;0;C;0;7.09;228.96;764.27;458.11;75.49;479.98;234583.99;1.97;392
5;2;0;D;0;7.09;348.59;862.83;484.38;72.52;480.02;186430.28;1.97;370
5;2;0;E;0;7.09;417.16;967.46;488.2;77.61;480.44;178637.73;1.97;226
5;2;0;F;0;7.09;374.35;983.24;532.76;85.87;482.83;59171.86;1.99;71
5;2;0;G;0;7.09;341.03;891.69;530.99;77.66;483.55;41793.22;2;59
5;2;1;A;0;6.28;146.75;582.63;400.65;69.39;496.47;153018.48;1.97;397
5;2;1;B;0;6.28;277.81;688.47;408.13;65.38;496.32;264704.92;1.96;515
5;2;1;C;0;6.28;295.6;732.81;427.66;69.6;496.01;473308.23;1.96;1454
5;2;1;D;0;6.28;393.95;847.3;506.02;72.17;496.07;523442.71;1.96;1083
5;2;1;E;0;6.28;487.06;943.27;482.76;72.63;496.16;413589.78;1.96;786
5;2;1;F;0;6.28;473.76;926.83;515.17;72.13;496.55;151115.25;1.97;352
5;2;1;G;0;6.28;484.36;940.78;521.77;72.66;496.59;176056.65;1.97;333
5;2;2;A;0;4.3;318.23;608.26;380.73;67.46;478.75;2319841.27;1.96;6966
5;2;2;B;0;4.3;384.32;658.51;384.28;63.78;478.75;1810554.11;1.96;6037
5;2;2;C;0;4.3;458.8;745.33;423.67;66.65;478.72;5281170.03;1.96;20528
5;2;2;D;0;4.3;538.5;835.68;471.55;69.12;478.73;3700174.23;1.96;12975
5;2;2;E;0;4.3;551.23;850.46;477.43;69.6;478.75;1930009.23;1.96;6121
5;2;2;F;0;4.3;594;898.01;501.87;70.72;478.82;867368.1;1.96;2180
5;2;2;G;0;4.3;576.4;876.54;515.78;69.82;478.89;529339.07;1.96;1325
5;3;0;A;0;5.41;237.56;551.78;409.69;58.03;468.33;84670.83;1.98;143
5;3;0;B;0;5.41;254.8;666.68;451.96;76.07;470.15;31222.64;2;69
5;3;0;C;0;5.41;313.81;721.07;406.59;75.22;468.59;93597.12;1.98;124
5;3;0;D;0;5.41;512.35;909.41;555.1;73.33;470.9;41906.67;2;57
5;3;0;E;2;5.41;512.35;909.41;555.1;73.33;470.9;41906.67;2;0
5;3;0;F;2;5.41;512.35;909.41;555.1;73.33;470.9;41906.67;2;0
5;3;0;G;2;5.41;512.35;909.41;555.1;73.33;470.9;41906.67;2;0
5;3;1;A;0;5.97;129.84;513.05;267.62;64.23;433.84;286045.03;1.97;460
5;3;1;B;0;5.97;174.93;580.36;343.85;67.95;433.98;159350.19;1.97;357
5;3;1;C;0;5.97;330.98;781.36;437.03;75.49;433.67;388691.1;1.96;725
5;3;1;D;0;5.97;428.92;901.54;495.99;79.21;434.01;220989.37;1.97;341
5;3;1;E;0;5.97;433.11;918.03;477.85;81.28;435.16;144034.6;1.98;123
5;3;1;F;2;5.97;433.11;918.03;477.85;81.28;435.16;144034.6;1.98;0
5;3;1;G;2;5.97;433.11;918.03;477.85;81.28;435.16;144034.6;1.98;0
5;3;2;A;0;4;334.55;625.25;383.64;72.66;456.02;810628.06;1.96;3418
5;3;2;B;0;4;407.63;695.59;393;71.98;456;1341745.9;1.96;4384
5;3;2;C;0;4;459.95;753.2;422.08;73.3;455.98;2971209.1;1.96;9470
5;3;2;D;0;4;511.06;805.41;457.26;73.58;456.02;876177.84;1.96;3236
5;3;2;E;0;4;625.92;919.03;485.04;73.27;456.23;382296.68;1.96;814
5;3;2;F;0;4;619.06;915.65;503.58;74.13;457.02;38999.09;1.97;215
5;3;2;G;0;4;541.69;817.74;410.44;69;459.06;8530;1.99;75
5;4;0;A;0;4.78;284.9;586.83;457.74;63.13;483;355069.22;1.96;558
5;4;0;B;0;4.78;311.6;667.66;439.75;74.44;482.99;381161.97;1.96;559
5;4;0;C;0;4.78;334.08;722.99;453.2;81.31;482.89;554304.79;1.96;730
5;4;0;D;0;4.78;491.33;932.69;596.37;92.28;486;74272.44;1.99;72
5;4;0;E;2;4.78;491.33;932.69;596.37;92.28;486;74272.44;1.99;0
5;4;0;F;2;4.78;491.33;932.69;596.37;92.28;486;74272.44;1.99;0
5;4;0;G;2;4.78;491.33;932.69;596.37;92.28;486;74272.44;1.99;0
5;4;1;A;0;5.36;146.39;540.74;334.16;73.62;442.64;511963.81;1.96;1268
5;4;1;B;0;5.36;264.93;652.42;402.81;72.34;442.56;1127998.11;1.96;2370
5;4;1;C;0;5.36;305.67;709.97;436.97;75.48;442.52;1986721.87;1.96;3917
5;4;1;D;0;5.36;377.98;791.94;483.9;77.29;442.76;644030.29;1.96;756
5;4;1;E;0;5.36;439.97;951.4;526.02;95.48;445.19;81632.72;1.99;83
5;4;1;F;2;5.36;439.97;951.4;526.02;95.48;445.19;81632.72;1.99;0
5;4;1;G;2;5.36;439.97;951.4;526.02;95.48;445.19;81632.72;1.99;0
5;4;2;A;0;5.35;244.78;601.04;402.98;66.56;444.85;5578707.4;1.96;17691
5;4;2;B;0;5.35;271.64;647.72;404.37;70.26;444.84;14245643.84;1.96;39065
5;4;2;C;0;5.35;312.41;694.27;430.14;71.34;444.84;19169150.61;1.96;50067
5;4;2;D;0;5.35;427.88;796.88;494.14;68.94;444.89;1848520.69;1.96;3824
5;4;2;E;0;5.35;444.8;829.42;493.12;71.86;445.54;167965.87;1.97;316
5;4;2;F;2;5.35;444.8;829.42;493.12;71.86;445.54;167965.87;1.97;0
5;4;2;G;2;5.35;444.8;829.42;493.12;71.86;445.54;167965.87;1.97;0
5;5;0;A;0;5.55;108.89;579.69;347.32;84.78;403.17;127081.91;1.98;104
5;5;0;B;0;5.55;154.66;570.88;380.63;74.95;402.04;166935.41;1.97;244
5;5;0;C;0;5.55;223.21;692.01;497.74;84.42;403.59;62490.93;1.99;86
5;5;0;D;2;5.55;223.21;692.01;497.74;84.42;403.59;62490.93;1.99;0
5;5;0;E;2;5.55;223.21;692.01;497.74;84.42;403.59;62490.93;1.99;0
5;5;0;F;2;5.55;223.21;692.01;497.74;84.42;403.59;62490.93;1.99;0
5;5;0;G;2;5.55;223.21;692.01;497.74;84.42;403.59;62490.93;1.99;0
5;5;1;A;0;4.65;246.99;624.93;407.57;81.24;404.22;251587.92;1.97;432
5;5;1;B;0;4.65;252.22;626.45;364.27;80.44;403.97;446042.62;1.96;928
5;5;1;C;0;4.65;269.63;639.22;403.56;79.44;404.15;165362.81;1.96;498
5;5;1;D;2;4.65;269.63;639.22;403.56;79.44;404.15;165362.81;1.96;0
5;5;1;E;2;4.65;269.63;639.22;403.56;79.44;404.15;165362.81;1.96;0
5;5;1;F;2;4.65;269.63;639.22;403.56;79.44;404.15;165362.81;1.96;0
5;5;1;G;2;4.65;269.63;639.22;403.56;79.44;404.15;165362.81;1.96;0
5;5;2;A;0;4.62;235.88;567.78;340.56;71.85;383.5;1210688.28;1.96;6383
5;5;2;B;0;4.62;269.15;607.04;362.44;73.15;383.49;1987229.65;1.96;9542
5;5;2;C;0;4.62;265.02;597.04;376.1;71.88;383.53;649339.84;1.96;3143
5;5;2;D;0;4.62;424.01;747.32;395.38;69.99;385.03;16680.99;1.98;124
5;5;2;E;2;4.62;424.01;747.32;395.38;69.99;385.03;16680.99;1.98;0
5;5;2;F;2;4.62;424.01;747.32;395.38;69.99;385.03;16680.99;1.98;0
5;5;2;G;2;4.62;424.01;747.32;395.38;69.99;385.03;16680.99;1.98;0
5;6;0;A;0;5.38;164.26;614.86;370.45;83.74;372.37;137871.49;1.97;176
5;6;0;B;0;5.38;171.8;593.2;351.91;78.32;371.77;172446.88;1.97;402
5;6;0;C;0;5.38;141.13;624.29;391.54;89.8;373.46;49426.32;1.99;88
5;6;0;D;2;5.38;141.13;624.29;391.54;89.8;373.46;49426.32;1.99;0
5;6;0;E;2;5.38;141.13;624.29;391.54;89.8;373.46;49426.32;1.99;0
5;6;0;F;2;5.38;141.13;624.29;391.54;89.8;373.46;49426.32;1.99;0
5;6;0;G;2;5.38;141.13;624.29;391.54;89.8;373.46;49426.32;1.99;0
5;6;1;A;0;4.96;168.08;548.94;332.42;76.84;367.03;277890.82;1.96;607
5;6;1;B;0;4.96;197.43;620.15;366.86;85.29;366.93;373856.28;1.96;889
5;6;1;C;0;4.96;178.6;590.54;339.27;83.11;367.39;118781.52;1.97;276
5;6;1;D;2;4.96;178.6;590.54;339.27;83.11;367.39;118781.52;1.97;0
5;6;1;E;2;4.96;178.6;590.54;339.27;83.11;367.39;118781.52;1.97;0
5;6;1;F;2;4.96;178.6;590.54;339.27;83.11;367.39;118781.52;1.97;0
5;6;1;G;2;4.96;178.6;590.54;339.27;83.11;367.39;118781.52;1.97;0
5;6;2;A;0;3.41;292.64;538.48;317.14;72.12;362.52;1443283.63;1.96;6111
5;6;2;B;0;3.41;329.02;579.36;344.09;73.44;362.52;1437174.72;1.96;7230
5;6;2;C;0;3.41;329.07;578.11;362.79;73.06;362.58;469543.18;1.96;2112
5;6;2;D;2;3.41;329.07;578.11;362.79;73.06;362.58;469543.18;1.96;0
5;6;2;E;2;3.41;329.07;578.11;362.79;73.06;362.58;469543.18;1.96;0
5;6;2;F;2;3.41;329.07;578.11;362.79;73.06;362.58;469543.18;1.96;0
5;6;2;G;2;3.41;329.07;578.11;362.79;73.06;362.58;469543.18;1.96;0
5;7;0;A;0;4.31;166.54;556.47;359.09;90.38;389.88;324624.7;1.96;581
5;7;0;B;0;4.31;257.91;619.85;399.6;83.89;390.16;237611.15;1.97;318
5;7;0;C;2;4.31;257.91;619.85;399.6;83.89;390.16;237611.15;1.97;0
5;7;0;D;2;4.31;257.91;619.85;399.6;83.89;390.16;237611.15;1.97;0
5;7;0;E;2;4.31;257.91;619.85;399.6;83.89;390.16;237611.15;1.97;0
5;7;0;F;2;4.31;257.91;619.85;399.6;83.89;390.16;237611.15;1.97;0
5;7;0;G;2;4.31;257.91;619.85;399.6;83.89;390.16;237611.15;1.97;0
5;7;1;A;0;3.46;275.19;578.36;348;87.55;376.54;617243.66;1.96;1024
5;7;1;B;0;3.46;272.85;579.94;364.07;88.68;376.64;539472.05;1.96;665
5;7;1;C;0;3.46;398.82;723.09;429.3;93.64;378.99;137392.74;1.99;73
5;7;1;D;2;3.46;398.82;723.09;429.3;93.64;378.99;137392.74;1.99;0
5;7;1;E;2;3.46;398.82;723.09;429.3;93.64;378.99;137392.74;1.99;0
5;7;1;F;2;3.46;398.82;723.09;429.3;93.64;378.99;137392.74;1.99;0
5;7;1;G;2;3.46;398.82;723.09;429.3;93.64;378.99;137392.74;1.99;0
5;7;2;A;0;3.26;278.76;542.84;319.91;81.01;342.42;3070481.51;1.96;7995
5;7;2;B;0;3.26;291.92;551.09;317.92;79.51;342.46;864884.17;1.96;2833
5;7;2;C;0;3.26;358.5;602.89;339.75;74.97;343.32;153338.87;1.97;187
5;7;2;D;0;3.26;575.82;793.71;395.59;66.84;345.5;9503.58;2;57
5;7;2;E;2;3.26;575.82;793.71;395.59;66.84;345.5;9503.58;2;0
5;7;2;F;2;3.26;575.82;793.71;395.59;66.84;345.5;9503.58;2;0
5;7;2;G;2;3.26;575.82;793.71;395.59;66.84;345.5;9503.58;2;0
5;8;0;A;0;3.55;256.1;570.95;349;88.7;373.51;719572.68;1.96;1901
5;8;0;B;0;3.55;261.01;579.11;365.07;89.61;374.37;200658.68;1.97;197
5;8;0;C;2;3.55;261.01;579.11;365.07;89.61;374.37;200658.68;1.97;0
5;8;0;D;2;3.55;261.01;579.11;365.07;89.61;374.37;200658.68;1.97;0
5;8;0;E;2;3.55;261.01;579.11;365.07;89.61;374.37;200658.68;1.97;0
5;8;0;F;2;3.55;261.01;579.11;365.07;89.61;374.37;200658.68;1.97;0
5;8;0;G;2;3.55;261.01;579.11;365.07;89.61;374.37;200658.68;1.97;0
5;8;1;A;0;3.92;208.78;571;353.8;92.5;364.66;1587880.23;1.96;2553
5;8;1;B;0;3.92;236.87;570.08;290.7;85.09;365.48;191202.43;1.97;206
5;8;1;C;2;3.92;236.87;570.08;290.7;85.09;365.48;191202.43;1.97;0
5;8;1;D;2;3.92;236.87;570.08;290.7;85.09;365.48;191202.43;1.97;0
5;8;1;E;2;3.92;236.87;570.08;290.7;85.09;365.48;191202.43;1.97;0
5;8;1;F;2;3.92;236.87;570.08;290.7;85.09;365.48;191202.43;1.97;0
5;8;1;G;2;3.92;236.87;570.08;290.7;85.09;365.48;191202.43;1.97;0
5;8;2;A;0;2.77;312.7;550.06;299.83;85.8;321.78;4571089.51;1.96;10413
5;8;2;B;0;2.77;326.5;557.44;298.24;83.48;322;340669.48;1.96;687
5;8;2;C;0;2.77;373.67;580.98;426.03;74.94;323.13;12304.59;1.98;119
5;8;2;D;2;2.77;373.67;580.98;426.03;74.94;323.13;12304.59;1.98;0
5;8;2;E;2;2.77;373.67;580.98;426.03;74.94;323.13;12304.59;1.98;0
5;8;2;F;2;2.77;373.67;580.98;426.03;74.94;323.13;12304.59;1.98;0
5;8;2;G;2;2.77;373.67;580.98;426.03;74.94;323.13;12304.59;1.98;0
5;9;0;A;0;5.24;72.95;523.04;310.31;85.87;318.34;291532.82;1.96;741
5;9;0;B;2;5.24;72.95;523.04;310.31;85.87;318.34;291532.82;1.96;0
5;9;0;C;2;5.24;72.95;523.04;310.31;85.87;318.34;291532.82;1.96;0
5;9;0;D;2;5.24;72.95;523.04;310.31;85.87;318.34;291532.82;1.96;0
5;9;0;E;2;5.24;72.95;523.04;310.31;85.87;318.34;291532.82;1.96;0
5;9;0;F;2;5.24;72.95;523.04;310.31;85.87;318.34;291532.82;1.96;0
5;9;0;G;2;5.24;72.95;523.04;310.31;85.87;318.34;291532.82;1.96;0
5;9;1;A;0;2.16;331.41;507.24;285.7;81.43;312.41;1364504.16;1.96;1740
5;9;1;B;0;2.16;464.21;619.87;449.96;72.09;314.64;81787.48;2;69
5;9;1;C;2;2.16;464.21;619.87;449.96;72.09;314.64;81787.48;2;0
5;9;1;D;2;2.16;464.21;619.87;449.96;72.09;314.64;81787.48;2;0
5;9;1;E;2;2.16;464.21;619.87;449.96;72.09;314.64;81787.48;2;0
5;9;1;F;2;2.16;464.21;619.87;449.96;72.09;314.64;81787.48;2;0
5;9;1;G;2;2.16;464.21;619.87;449.96;72.09;314.64;81787.48;2;0
5;9;2;A;0;2.86;269.4;502.78;296;81.56;322.77;1807224.56;1.96;5616
5;9;2;B;0;2.86;331.36;572.32;384.89;84.21;323.49;34680.34;1.97;219
5;9;2;C;0;2.86;408.08;618.29;325.18;73.46;324.26;67560.85;1.98;108
5;9;2;D;2;2.86;408.08;618.29;325.18;73.46;324.26;67560.85;1.98;0
5;9;2;E;2;2.86;408.08;618.29;325.18;73.46;324.26;67560.85;1.98;0
5;9;2;F;2;2.86;408.08;618.29;325.18;73.46;324.26;67560.85;1.98;0
5;9;2;G;2;2.86;408.08;618.29;325.18;73.46;324.26;67560.85;1.98;0
5;10;0;A;0;1.93;326.13;461.99;352.13;70.56;378.15;4634980.57;1.96;6360
5;10;0;B;0;1.93;236.36;367.58;240.96;68.15;381.37;25647.65;2;60
5;10;0;C;2;1.93;236.36;367.58;240.96;68.15;381.37;25647.65;2;0
5;10;0;D;2;1.93;236.36;367.58;240.96;68.15;381.37;25647.65;2;0
5;10;0;E;2;1.93;236.36;367.58;240.96;68.15;381.37;25647.65;2;0
5;10;0;F;2;1.93;236.36;367.58;240.96;68.15;381.37;25647.65;2;0
5;10;0;G;2;1.93;236.36;367.58;240.96;68.15;381.37;25647.65;2;0
5;10;1;A;0;2.51;262.84;461.13;290.28;78.89;306.5;950441.22;1.96;2129
5;10;1;B;0;2.51;197.76;351.73;187.93;61.26;307.9;62998.6;1.98;106
5;10;1;C;2;2.51;197.76;351.73;187.93;61.26;307.9;62998.6;1.98;0
5;10;1;D;2;2.51;197.76;351.73;187.93;61.26;307.9;62998.6;1.98;0
5;10;1;E;2;2.51;197.76;351.73;187.93;61.26;307.9;62998.6;1.98;0
5;10;1;F;2;2.51;197.76;351.73;187.93;61.26;307.9;62998.6;1.98;0
5;10;1;G;2;2.51;197.76;351.73;187.93;61.26;307.9;62998.6;1.98;0
5;10;2;A;0;1.51;320.25;434.59;270.43;75.84;293.4;918093.57;1.96;2749
5;10;2;B;0;1.51;369.41;468.11;276.39;65.47;293.82;186921.68;1.97;312
5;10;2;C;2;1.51;369.41;468.11;276.39;65.47;293.82;186921.68;1.97;0
5;10;2;D;2;1.51;369.41;468.11;276.39;65.47;293.82;186921.68;1.97;0
5;10;2;E;2;1.51;369.41;468.11;276.39;65.47;293.82;186921.68;1.97;0
5;10;2;F;2;1.51;369.41;468.11;276.39;65.47;293.82;186921.68;1.97;0
5;10;2;G;2;1.51;369.41;468.11;276.39;65.47;293.82;186921.68;1.97;0
6;0;0;A;0;7.27;62.14;594.64;403.19;73.21;490.86;680530.47;1.96;533
6;0;0;B;0;7.27;66.45;628.55;500.34;77.28;491.17;592632.69;1.97;320
6;0;0;C;0;7.27;119.97;690.28;526.53;78.41;490.65;1864795.66;1.96;966
6;0;0;D;0;7.27;237.69;833.43;563.82;81.91;490.74;1549755.64;1.96;727
6;0;0;E;0;7.27;289.43;934.07;624.03;88.63;491.11;805405.04;1.97;347
6;0;0;F;0;7.27;296.17;1007.73;629.22;97.83;491.34;551619.3;1.97;263
6;0;0;G;0;7.27;412.77;1065.32;658.06;89.72;492.2;238389.98;1.98;138
6;0;1;A;0;6.52;112.38;535.54;376.44;64.9;462.36;1645951.72;1.96;1453
6;0;1;B;0;6.52;176.62;599.39;420.88;64.84;462.36;1496267.35;1.96;1441
6;0;1;C;0;6.52;208.46;645.87;449.62;67.08;462.26;3294376.31;1.96;3572
6;0;1;D;0;6.52;274.29;720.76;471.59;68.47;462.28;2752652.15;1.96;2930
6;0;1;E;0;6.52;328.01;818.38;509;75.2;462.34;1956625.81;1.96;1636
6;0;1;F;0;6.52;385.1;907.55;549.1;80.12;462.44;1431886.78;1.96;978
6;0;1;G;0;6.52;358.16;850.38;517.92;75.49;462.43;1439655.59;1.96;1007
6;0;2;A;0;6.26;216.07;652.22;435.24;69.7;466.95;1774048.01;1.96;3707
6;0;2;B;0;6.26;269.76;718.89;469.75;71.77;466.94;2551886.2;1.96;4696
6;0;2;C;0;6.26;309.71;695.26;443.21;61.61;466.92;4288621.92;1.96;9117
6;0;2;D;0;6.26;351.89;730.85;449.5;60.56;466.93;2670874.51;1.96;6475
6;0;2;E;0;6.26;359.32;747.89;455.51;62.09;466.99;1174420.52;1.96;2420
6;0;2;F;0;6.26;339.78;736.41;461.42;63.38;467.12;693366.84;1.96;1002
6;0;2;G;0;6.26;336.42;693.29;444.75;57.03;467.24;337261.4;1.96;669
6;1;0;A;0;7.39;10.91;502.33;370.11;66.49;567.6;81739.74;1.98;159
6;1;0;B;0;7.39;124.96;643.42;421.79;70.15;571.22;37920.81;2.01;54
6;1;0;C;0;7.39;238.54;744.96;562.28;68.52;567.28;196682.42;1.97;194
6;1;0;D;0;7.39;286.26;881.3;596.91;80.51;567.29;209041.98;1.97;192
6;1;0;E;0;7.39;363.93;1019.02;654.81;88.63;568.57;180306.12;1.98;104
6;1;0;F;0;7.39;360.23;1065.34;503.38;95.4;568.94;112320.12;1.99;92
6;1;0;G;0;7.39;374.8;1002.93;635.25;84.99;569.37;79328.99;1.99;81
6;1;1;A;0;7.77;93.45;581.43;460.89;62.83;497.09;209990.69;1.97;337
6;1;1;B;0;7.77;153.66;637.02;429.87;62.24;496.97;172989.02;1.97;401
6;1;1;C;0;7.77;181.68;711.11;443.71;68.17;496.57;731763.03;1.96;1118
6;1;1;D;0;7.77;228.86;785.72;452.53;71.7;496.54;911282.81;1.96;1298
6;1;1;E;0;7.77;318.56;898.59;545.16;74.69;496.65;679852.45;1.96;811
6;1;1;F;0;7.77;367.63;996.76;561.14;81.01;496.84;383114.95;1.96;501
6;1;1;G;0;7.77;366.73;947.85;563.39;74.83;496.89;332324.15;1.97;462
6;1;2;A;0;6.05;105.4;539.31;426.9;71.7;491.64;168166.58;1.97;371
6;1;2;B;0;6.05;324.71;776.33;447.04;74.62;491.87;133224.53;1.97;274
6;1;2;C;0;6.05;381.54;748.95;453.82;60.71;491.11;605678.5;1.96;1727
6;1;2;D;0;6.05;399.33;791.42;464.5;64.79;491.12;672047.04;1.96;1659
6;1;2;E;0;6.05;464.99;847.92;504.53;63.27;491.37;241099.58;1.96;614
6;1;2;F;0;6.05;458.24;845.33;485.76;63.96;491.9;117660.55;1.97;267
6;1;2;G;0;6.05;361.56;758.11;424.86;65.52;492.95;62955.43;1.98;126
6;2;0;A;0;6.38;19.96;567.1;395.85;85.72;500.51;61885.51;2;57
6;2;0;B;0;6.38;60.19;633.59;405.77;89.83;498.47;128712.19;1.98;103
6;2;0;C;0;6.38;212.23;684.5;475.12;73.99;497.28;167093.98;1.97;199
6;2;0;D;0;6.38;342.83;830.07;504.68;76.34;497.81;69761.22;1.98;140
6;2;0;E;0;6.38;477.7;980.67;559.59;78.8;498.83;44458.4;1.99;90
6;2;0;F;2;6.38;477.7;980.67;559.59;78.8;498.83;44458.4;1.99;0
6;2;0;G;2;6.38;477.7;980.67;559.59;78.8;498.83;44458.4;1.99;0
6;2;1;A;0;4.33;259.6;557.5;416.69;68.73;544.71;100567.5;1.97;250
6;2;1;B;0;4.33;279.76;542.9;441.77;60.71;544.32;182720.51;1.97;388
6;2;1;C;0;4.33;396.71;703.35;452.18;70.74;543.78;464730.48;1.96;1657
6;2;1;D;0;4.33;540.62;858.15;500.13;73.26;543.86;358121.59;1.96;1154
6;2;1;E;0;4.33;636.04;951.85;550.54;72.86;543.96;256250.82;1.96;789
6;2;1;F;0;4.33;636.49;943.09;553.48;70.73;544.26;119552.88;1.97;424
6;2;1;G;0;4.33;563.07;878.91;517.14;72.87;544.47;77689.24;1.97;321
6;2;2;A;0;5.6;270.12;637.85;408.34;65.63;509.67;961431.34;1.96;5487
6;2;2;B;0;5.6;306.19;687.4;422.16;68.03;509.69;772162.78;1.96;3942
6;2;2;C;0;5.6;384.37;764.85;455.69;67.9;509.64;2698490.32;1.96;15040
6;2;2;D;0;5.6;453.4;839.29;499.45;68.87;509.65;2105112.86;1.96;11329
6;2;2;E;0;5.6;457.71;843.33;495.21;68.82;509.67;1074456.45;1.96;5382
6;2;2;F;0;5.6;486.12;873.74;527.24;69.18;509.79;251274.76;1.96;1545
6;2;2;G;0;5.6;481.59;875.18;552.01;70.24;509.88;197852.77;1.96;981
6;3;0;A;0;6.71;-150.36;322.27;287.61;70.49;429.36;121884.45;1.97;346
6;3;0;B;1;6.71;13.56;573.66;415.52;83.53;431.18;101541.57;1.99;0
6;3;0;C;0;6.71;177.48;825.04;543.44;96.58;433;81198.69;2.01;52
6;3;0;D;0;6.71;203.34;821.33;459.26;92.17;431.17;17486.5;1.99;90
6;3;0;E;2;6.71;203.34;821.33;459.26;92.17;431.17;17486.5;1.99;0
6;3;0;F;2;6.71;203.34;821.33;459.26;92.17;431.17;17486.5;1.99;0
6;3;0;G;2;6.71;203.34;821.33;459.26;92.17;431.17;17486.5;1.99;0
6;3;1;A;0;4.73;172;481.43;348.97;65.45;464.3;296372.25;1.96;503
6;3;1;B;0;4.73;276.11;617.12;345.93;72.12;464.38;78472.44;1.97;428
6;3;1;C;0;4.73;309.6;642.08;417.79;70.32;464.17;260326.42;1.96;692
6;3;1;D;0;4.73;433.97;799.05;474;77.21;464.76;106686.43;1.97;252
6;3;1;E;0;4.73;476.65;925.52;525.71;94.94;464.73;68041.02;1.97;261
6;3;1;F;0;4.73;422;957.74;542.81;113.31;468.19;132529.75;2;55
6;3;1;G;2;4.73;422;957.74;542.81;113.31;468.19;132529.75;2;0
6;3;2;A;0;2.8;370.79;596.43;392.89;80.68;478.91;874350.9;1.96;4206
6;3;2;B;0;2.8;461.68;678.58;435.63;77.56;478.92;801149.5;1.96;3583
6;3;2;C;0;2.8;492.94;718.27;437.71;80.57;478.88;2686725.44;1.96;12800
6;3;2;D;0;2.8;529.82;753.5;458.9;79.98;478.9;1205693.4;1.96;5410
6;3;2;E;0;2.8;677.27;893.26;485.07;77.23;479.1;201588.73;1.96;993
6;3;2;F;0;2.8;658.17;876.91;473.65;78.21;479.47;65200.09;1.97;394
6;3;2;G;0;2.8;714.67;930.86;505.59;77.31;483.04;4856.51;2;59
6;4;0;A;0;5.3;163.34;556.29;422.13;74.15;437.65;657576.94;1.96;620
6;4;0;B;0;5.3;159.19;537.07;452.1;71.3;438.1;211033.37;1.97;273
6;4;0;C;0;5.3;265.24;610;445.11;65.05;437.69;688075.48;1.96;552
6;4;0;D;0;5.3;462.02;909.89;711.8;84.51;441.12;61414.75;2;59
6;4;0;E;0;5.3;310.17;540.6;247.04;43.48;439.67;25025.46;1.99;94
6;4;0;F;2;5.3;310.17;540.6;247.04;43.48;439.67;25025.46;1.99;0
6;4;0;G;2;5.3;310.17;540.6;247.04;43.48;439.67;25025.46;1.99;0
6;4;1;A;0;5.88;143.07;586.67;448.08;75.38;481.65;390356.28;1.96;863
6;4;1;B;0;5.88;157.19;633.94;408.73;81.02;481.48;791841.35;1.96;2229
6;4;1;C;0;5.88;255.68;706.65;463.4;76.64;481.43;2172749.25;1.96;4153
6;4;1;D;0;5.88;409.62;885.95;497.21;80.95;481.72;235075.03;1.96;696
6;4;1;E;0;5.88;659.84;1134.06;526.73;80.59;483.39;50659.34;1.98;121
6;4;1;F;2;5.88;659.84;1134.06;526.73;80.59;483.39;50659.34;1.98;0
6;4;1;G;2;5.88;659.84;1134.06;526.73;80.59;483.39;50659.34;1.98;0
6;4;2;A;0;6.12;188.03;592.61;432.44;66.09;472.44;1661132.43;1.96;5014
6;4;2;B;0;6.12;220.56;654.55;436.74;70.9;472.41;3344450.77;1.96;10728
6;4;2;C;0;6.12;248.31;685;443.62;71.34;472.41;4274625.86;1.96;14961
6;4;2;D;0;6.12;375.67;816.7;520.56;72.04;472.51;796365.86;1.96;2046
6;4;2;E;0;6.12;314.59;690.38;472.47;61.39;474.07;127235.7;1.98;142
6;4;2;F;2;6.12;314.59;690.38;472.47;61.39;474.07;127235.7;1.98;0
6;4;2;G;2;6.12;314.59;690.38;472.47;61.39;474.07;127235.7;1.98;0
6;5;0;A;0;5.06;289.7;750.29;529.72;90.98;458.37;97487.95;1.99;83
6;5;0;B;0;5.06;215.99;665.74;429.94;88.83;456.38;170637.22;1.97;284
6;5;0;C;0;5.06;241.16;740.75;408.49;98.68;457.37;137189.87;1.98;128
6;5;0;D;2;5.06;241.16;740.75;408.49;98.68;457.37;137189.87;1.98;0
6;5;0;E;2;5.06;241.16;740.75;408.49;98.68;457.37;137189.87;1.98;0
6;5;0;F;2;5.06;241.16;740.75;408.49;98.68;457.37;137189.87;1.98;0
6;5;0;G;2;5.06;241.16;740.75;408.49;98.68;457.37;137189.87;1.98;0
6;5;1;A;0;4.16;274.68;554.82;304.63;67.33;399.53;372811.54;1.96;542
6;5;1;B;0;4.16;238.29;598.44;377.45;86.56;399.3;672414.61;1.96;1397
6;5;1;C;0;4.16;247.94;631.5;409.57;92.19;399.37;326208.9;1.96;982
6;5;1;D;2;4.16;247.94;631.5;409.57;92.19;399.37;326208.9;1.96;0
6;5;1;E;2;4.16;247.94;631.5;409.57;92.19;399.37;326208.9;1.96;0
6;5;1;F;2;4.16;247.94;631.5;409.57;92.19;399.37;326208.9;1.96;0
6;5;1;G;2;4.16;247.94;631.5;409.57;92.19;399.37;326208.9;1.96;0
6;5;2;A;0;3.34;297.95;542.22;354.87;73.2;407.05;472745.4;1.96;2845
6;5;2;B;0;3.34;345.45;599.72;379.82;76.19;407.01;1158197.43;1.96;5197
6;5;2;C;0;3.34;347.01;597.89;392.45;75.18;407.05;515267.07;1.96;2596
6;5;2;D;0;3.34;380.51;589.7;375.4;62.69;410.87;20375.65;2.01;54
6;5;2;E;2;3.34;380.51;589.7;375.4;62.69;410.87;20375.65;2.01;0
6;5;2;F;2;3.34;380.51;589.7;375.4;62.69;410.87;20375.65;2.01;0
6;5;2;G;2;3.34;380.51;589.7;375.4;62.69;410.87;20375.65;2.01;0
6;6;0;A;0;4.88;152.74;547.15;359.94;80.8;398.01;37449.28;1.97;197
6;6;0;B;0;4.88;192.09;605.01;396.7;84.6;397.52;209953.75;1.97;381
6;6;0;C;0;4.88;204.04;515.24;369;63.76;397.51;263789.8;1.97;389
6;6;0;D;2;4.88;204.04;515.24;369;63.76;397.51;263789.8;1.97;0
6;6;0;E;2;4.88;204.04;515.24;369;63.76;397.51;263789.8;1.97;0
6;6;0;F;2;4.88;204.04;515.24;369;63.76;397.51;263789.8;1.97;0
6;6;0;G;2;4.88;204.04;515.24;369;63.76;397.51;263789.8;1.97;0
6;6;1;A;0;5.3;135.2;605.17;370.7;88.69;420.76;148216.01;1.96;548
6;6;1;B;0;5.3;120.42;613.97;408.84;93.14;420.51;509453.77;1.96;1552
6;6;1;C;0;5.3;138.92;639.98;397.7;94.55;420.87;204242.78;1.97;432
6;6;1;D;2;5.3;138.92;639.98;397.7;94.55;420.87;204242.78;1.97;0
6;6;1;E;2;5.3;138.92;639.98;397.7;94.55;420.87;204242.78;1.97;0
6;6;1;F;2;5.3;138.92;639.98;397.7;94.55;420.87;204242.78;1.97;0
6;6;1;G;2;5.3;138.92;639.98;397.7;94.55;420.87;204242.78;1.97;0
6;6;2;A;0;3.03;313.28;545.77;345.12;76.67;390.39;400188.54;1.96;2604
6;6;2;B;0;3.03;323.12;561.8;356.89;78.72;390.36;623231.86;1.96;4141
6;6;2;C;0;3.03;326.99;561.87;390;77.46;390.42;291204;1.96;1794
6;6;2;D;2;3.03;326.99;561.87;390;77.46;390.42;291204;1.96;0
6;6;2;E;2;3.03;326.99;561.87;390;77.46;390.42;291204;1.96;0
6;6;2;F;2;3.03;326.99;561.87;390;77.46;390.42;291204;1.96;0
6;6;2;G;2;3.03;326.99;561.87;390;77.46;390.42;291204;1.96;0
6;7;0;A;0;4.61;156.23;550.96;416.6;85.58;403.3;970534.22;1.96;1136
6;7;0;B;0;4.61;173.99;612.6;349;95.1;403.43;547915.74;1.96;654
6;7;0;C;2;4.61;173.99;612.6;349;95.1;403.43;547915.74;1.96;0
6;7;0;D;2;4.61;173.99;612.6;349;95.1;403.43;547915.74;1.96;0
6;7;0;E;2;4.61;173.99;612.6;349;95.1;403.43;547915.74;1.96;0
6;7;0;F;2;4.61;173.99;612.6;349;95.1;403.43;547915.74;1.96;0
6;7;0;G;2;4.61;173.99;612.6;349;95.1;403.43;547915.74;1.96;0
6;7;1;A;0;4.9;114.64;602.58;382.82;99.61;417.84;507635.37;1.96;960
6;7;1;B;0;4.9;124.82;579.1;414.13;92.73;417.84;558514.59;1.96;957
6;7;1;C;0;4.9;87.57;562.88;428.28;97.03;418.81;90612.86;1.97;177
6;7;1;D;2;4.9;87.57;562.88;428.28;97.03;418.81;90612.86;1.97;0
6;7;1;E;2;4.9;87.57;562.88;428.28;97.03;418.81;90612.86;1.97;0
6;7;1;F;2;4.9;87.57;562.88;428.28;97.03;418.81;90612.86;1.97;0
6;7;1;G;2;4.9;87.57;562.88;428.28;97.03;418.81;90612.86;1.97;0
6;7;2;A;0;3.55;237.55;550.31;344.32;88.22;374.94;1172276.13;1.96;3923
6;7;2;B;0;3.55;274.01;586.93;366.37;88.26;374.97;531304.42;1.96;2217
6;7;2;C;0;3.55;353.58;627.59;289.29;77.29;375.39;126121.14;1.97;378
6;7;2;D;2;3.55;353.58;627.59;289.29;77.29;375.39;126121.14;1.97;0
6;7;2;E;2;3.55;353.58;627.59;289.29;77.29;375.39;126121.14;1.97;0
6;7;2;F;2;3.55;353.58;627.59;289.29;77.29;375.39;126121.14;1.97;0
6;7;2;G;2;3.55;353.58;627.59;289.29;77.29;375.39;126121.14;1.97;0
6;8;0;A;0;3.89;192.84;555;383.59;93.04;421.07;1222944.08;1.96;2761
6;8;0;B;0;3.89;303.31;664.65;434.2;92.83;421.34;262706.38;1.96;615
6;8;0;C;2;3.89;303.31;664.65;434.2;92.83;421.34;262706.38;1.96;0
6;8;0;D;2;3.89;303.31;664.65;434.2;92.83;421.34;262706.38;1.96;0
6;8;0;E;2;3.89;303.31;664.65;434.2;92.83;421.34;262706.38;1.96;0
6;8;0;F;2;3.89;303.31;664.65;434.2;92.83;421.34;262706.38;1.96;0
6;8;0;G;2;3.89;303.31;664.65;434.2;92.83;421.34;262706.38;1.96;0
6;8;1;A;0;3.74;209.86;577.59;382.96;98.45;407.2;1508020.72;1.96;3467
6;8;1;B;0;3.74;249.81;603.73;377.15;94.75;407.49;253117.43;1.96;599
6;8;1;C;2;3.74;249.81;603.73;377.15;94.75;407.49;253117.43;1.96;0
6;8;1;D;2;3.74;249.81;603.73;377.15;94.75;407.49;253117.43;1.96;0
6;8;1;E;2;3.74;249.81;603.73;377.15;94.75;407.49;253117.43;1.96;0
6;8;1;F;2;3.74;249.81;603.73;377.15;94.75;407.49;253117.43;1.96;0
6;8;1;G;2;3.74;249.81;603.73;377.15;94.75;407.49;253117.43;1.96;0
6;8;2;A;0;3.11;253.1;538.78;331.93;91.94;356.86;3719044.64;1.96;8967
6;8;2;B;0;3.11;291.5;560.56;356.14;86.59;357;458502.51;1.96;1107
6;8;2;C;0;3.11;457.99;653.65;252.71;62.97;357.6;261297.73;1.97;237
6;8;2;D;0;3.11;628.75;884.79;330.38;82.4;359.75;30853.08;2;63
6;8;2;E;2;3.11;628.75;884.79;330.38;82.4;359.75;30853.08;2;0
6;8;2;F;2;3.11;628.75;884.79;330.38;82.4;359.75;30853.08;2;0
6;8;2;G;2;3.11;628.75;884.79;330.38;82.4;359.75;30853.08;2;0
6;9;0;A;0;4.47;99.13;498.36;334.71;89.22;353.2;608650.68;1.96;1654
6;9;0;B;0;4.47;145.39;549.13;358.82;90.23;354.63;74258.77;1.98;117
6;9;0;C;2;4.47;145.39;549.13;358.82;90.23;354.63;74258.77;1.98;0
6;9;0;D;2;4.47;145.39;549.13;358.82;90.23;354.63;74258.77;1.98;0
6;9;0;E;2;4.47;145.39;549.13;358.82;90.23;354.63;74258.77;1.98;0
6;9;0;F;2;4.47;145.39;549.13;358.82;90.23;354.63;74258.77;1.98;0
6;9;0;G;2;4.47;145.39;549.13;358.82;90.23;354.63;74258.77;1.98;0
6;9;1;A;0;3.47;184.66;493.07;335.54;88.93;351.63;1204121.34;1.96;2279
6;9;1;B;0;3.47;281.15;585.68;280.45;87.81;352.72;93879.47;1.98;152
6;9;1;C;2;3.47;281.15;585.68;280.45;87.81;352.72;93879.47;1.98;0
6;9;1;D;2;3.47;281.15;585.68;280.45;87.81;352.72;93879.47;1.98;0
6;9;1;E;2;3.47;281.15;585.68;280.45;87.81;352.72;93879.47;1.98;0
6;9;1;F;2;3.47;281.15;585.68;280.45;87.81;352.72;93879.47;1.98;0
6;9;1;G;2;3.47;281.15;585.68;280.45;87.81;352.72;93879.47;1.98;0
6;9;2;A;0;3.15;232;501.13;342.27;85.54;367.89;1720886.82;1.96;5577
6;9;2;B;0;3.15;180.19;444.79;340.27;84.09;368.32;75287.53;1.97;394
6;9;2;C;2;3.15;180.19;444.79;340.27;84.09;368.32;75287.53;1.97;0
6;9;2;D;2;3.15;180.19;444.79;340.27;84.09;368.32;75287.53;1.97;0
6;9;2;E;2;3.15;180.19;444.79;340.27;84.09;368.32;75287.53;1.97;0
6;9;2;F;2;3.15;180.19;444.79;340.27;84.09;368.32;75287.53;1.97;0
6;9;2;G;2;3.15;180.19;444.79;340.27;84.09;368.32;75287.53;1.97;0
6;10;0;A;0;2.59;247.94;451.67;287.94;78.66;304.2;1263606.15;1.96;1766
6;10;0;B;2;2.59;247.94;451.67;287.94;78.66;304.2;1263606.15;1.96;0
6;10;0;C;2;2.59;247.94;451.67;287.94;78.66;304.2;1263606.15;1.96;0
6;10;0;D;2;2.59;247.94;451.67;287.94;78.66;304.2;1263606.15;1.96;0
6;10;0;E;2;2.59;247.94;451.67;287.94;78.66;304.2;1263606.15;1.96;0
6;10;0;F;2;2.59;247.94;451.67;287.94;78.66;304.2;1263606.15;1.96;0
6;10;0;G;2;2.59;247.94;451.67;287.94;78.66;304.2;1263606.15;1.96;0
6;10;1;A;0;3.65;143.16;429.31;335.64;78.39;293.55;521923.71;1.96;865
6;10;1;B;0;3.65;144.69;249.52;64.35;28.72;294;17046.06;1.97;237
6;10;1;C;0;3.65;196.61;284.3;9.34;24.02;294.18;1479.91;1.97;184
6;10;1;D;2;3.65;196.61;284.3;9.34;24.02;294.18;1479.91;1.97;0
6;10;1;E;2;3.65;196.61;284.3;9.34;24.02;294.18;1479.91;1.97;0
6;10;1;F;2;3.65;196.61;284.3;9.34;24.02;294.18;1479.91;1.97;0
6;10;1;G;2;3.65;196.61;284.3;9.34;24.02;294.18;1479.91;1.97;0
6;10;2;A;0;2.14;284.16;451.03;298.29;77.94;314.54;243576.42;1.96;1163
6;10;2;B;0;2.14;360.92;515.44;176.3;72.17;316.34;11325.64;1.99;83
6;10;2;C;2;2.14;360.92;515.44;176.3;72.17;316.34;11325.64;1.99;0
6;10;2;D;2;2.14;360.92;515.44;176.3;72.17;316.34;11325.64;1.99;0
6;10;2;E;2;2.14;360.92;515.44;176.3;72.17;316.34;11325.64;1.99;0
6;10;2;F;2;2.14;360.92;515.44;176.3;72.17;316.34;11325.64;1.99;0
6;10;2;G;2;2.14;360.92;515.44;176.3;72.17;316.34;11325.64;1.99;0
